1,2,3,4,5,6,7,8,9,10,11,12,13,14,15,16,17,18,19,20,21,22,23,24,25,26,27,28,29,30,31,32,33,34,35,36,37,38,39,40,41,42,43,44
IL7R,CD3D,MS4A1,NKG7,PRAC1,TXNDC5,MZB1,ACE,REG1A,CLCA1,MTRNR2L8,HSP90AA1,CLEC10A,ANPEP,C10orf99,GSTA1,CFD,FABP2,IL1B,TOP2A,F13B,LGALS3,CEACAM6,PLVAP,ADIG,CXCL11,APOC1,PCDH17,BGN,SCG5,RGS5,EDNRB,IL24,SERPINE1,CRYAB,CCL23,MMRN1,MYH11,CHGA,DEFA6,CPA3,PGC,SH2D6,HBA1
TNFAIP3,BATF,CD37,CCL5,RPL37A,HSP90B1,SSR4,ALDOB,CCL25,MUC2,MTRNR2L10,HSPA1A,HLA-DPA1,DMBT1,CA2,RBP2,ADAMDEC1,ADIRF,SOD2,UBE2C,APOA4,S100A10,GPRC5A,FABP5,CEACAM7,IDO1,CTSB,VWF,CTSK,VTN,NDUFA4L2,ENHO,MMP3,SFRP2,PLP1,LYZL6,LYVE1,ACTG2,CES1,DEFA5,TPSAB1,TFF2,HTR3E,HBB
BTG1,S100A4,VPREB3,CTSW,SLC12A2,UBE2J1,CYBA,MUC3A,IGFBP2,REG4,MTRNR2L12,ATF3,HLA-DPB1,REG1B,S100P,FABP1,TCF21,TMIGD1,CCL3,TUBA1B,APOC3,UQCRQ,DUOX2,FLT1,MS4A12,KLK10,APOE,SELP,RARRES2,SCGN,NOTCH3,CXCL14,IL11,SERPINF1,NRXN1,SOX8,EFEMP1,TAGLN,LMX1A,REG3A,MS4A2,AQP5,GNG13,ALAS2
CD69,ACTB,CD79B,GZMH,MT1E,SEC11C,XBP1,PRAP1,OLFM4,ITLN1,MTRNR2L6,DNAJB1,CST3,PIGR,UGT2B17,GSTA2,MFAP4,TM4SF20,CCL3L1,HIST1H4C,PLCE1-AS1,COX5A,DUOXA2,CD320,CKB,SLC6A14,C1QB,RAMP3,MMP2,MLN,COX4I2,BMP4,MMP1,PDGFRL,S100B,GP2,CCL14,DES,FEV,ITLN2,KRT1,MSMB,GNAT3,HBA2
CXCR4,CD2,TCL1A,GZMA,OLFM4,TNFRSF17,FKBP11,APOB,MLEC,TFF3,MT-CO1,HSPA1B,HLA-DRA,RARRES1,LGALS4,CBR1,HAPLN1,AGR3,S100A9,CENPF,APOA1,GSTP1,PDZK1IP1,CD36,SLC26A3,LY6D,PLA2G7,COL15A1,CTHRC1,GHRL,KCNJ8,PDGFRA,COL7A1,COL1A1,MPZ,NCCRP1,TFPI,MYL9,TPH1,PRSS1,SLC18A2,C6orf58,BMX,HBG1
TSC22D3,ARPC1B,CD22,PRF1,PPP1R1B,SPCS1,DERL3,DPEP1,TMEM238,ST6GALNAC1,MT-CO3,HSPA8,CPVL,TMPRSS15,CEACAM5,AKR7A3,LUM,SERPINA1,PLAUR,HMGB2,RBP2,SLPI,MUC13,SLC9A3R2,AQP8,WARS,C1QA,SELE,DCN,CCK,THY1,NPY,TNFRSF11B,CNN1,FXYD1,SPIB,RELN,MYLK,CHGB,PLA2G2A,ADCYAP1,CCKBR,SH2D7,HBG2
ZFP36L2,CORO1A,BCL11A,CST7,RPL36,SEC61B,HERPUD1,CDHR5,DMBT1,AGR2,MT-ND4,HSPH1,MS4A6A,TM4SF20,GOLM1,FBP1,FBLN1,CPO,BCL2A1,MKI67,APOB,S100A6,CEACAM5,TM4SF18,CEACAM1,KRT7,GPNMB,ENG,COL3A1,SCG3,IGFBP7,F3,TMEM158,CPXM1,LGI4,CA7,PROX1,ACTA2,PCSK1,LYZ,GATA2,MUC6,AVIL,HBD
TXNIP,IL2RA,MEF2C,KLRD1,EPHB2,MANF,PRDX4,XPNPEP2,C1QBP,SPINK4,MT-CYB,HSP90AB1,HLA-DRB1,MUC17,KRT19,PTGR1,EDIL3,SLC25A5,IL1RN,NUSAP1,NR0B2,GAPDH,HK2,RBP7,CA2,KRT16,FTL,APLNR,COL1A1,ISL1,COL4A1,VSTM2A,PTHLH,SFRP4,CDH19,MIA,GNG11,PLN,TMEFF2,PRSS3,KIT,CXCL17,KLK13,HBM
KLRB1,TNFRSF4,CD74,HCST,RPS2,SSR3,DNAAF1,G6PC,MGST1,FCGBP,MT-ND2,JUN,HLA-DQA1,MUC13,NOX1,LGALS4,CCL8,IFI27,PTGS2,CCNB1,CYP1A1,COX5B,NOS2,RAMP2,EMP1,ANXA2,LILRB4,CALCRL,GAS1,CALY,GJA4,NSG1,CSF3,COL1A2,SCN7A,GUCA2B,ECSCR,TPM2,CRYBA2,PDIA2,IL1RL1,GP2,AZGP1,GYPB
TPT1,TNFRSF18,LINC00926,CD8B,RPS29,SPCS2,SPAG4,CYP3A4,KRT18,LRRC26,MT-ATP6,FOS,AIF1,KRT20,VSIG2,MGST3,CFH,SLC7A9,G0S2,CDC20,CRYGC,WFDC2,TMPRSS2,EMCN,SLC26A2,CXCL10,MMP9,COL4A1,COL1A2,GIP,EGFL6,FRZB,CFB,SPARC,GPM6B,FSCN1,CCL21,HHIP,TAC1,KLK12,HDC,BPIFB1,HTR3C,SNCA
NFKBIA,ARHGDIB,BANK1,GZMK,RPL41,SSR4,HIST1H2BG,MGAM,SLC12A2,REP15,MT-ND1,DNAJA1,FCER1A,TMC5,PIGR,AKR1B10,GPX3,TSPAN8,EREG,STMN1,PLIN2,COX7A2,SAA2,FAM107A,CA4,S100A11,C1QC,HSPG2,CHI3L1,PCSK1N,FOXS1,GLP2R,C8A,ARC,MYOT,TNFAIP2,FLT4,SOSTDC1,KCTD12,TRIM50,CTSG,TCN1,TRPM5,AHSP
RGS1,TMSB4X,TNFRSF13C,KLRK1,RPS28,SUB1,FAM92B,ANPEP,GSTP1,LGALS4,MT-CO2,HSPD1,CD74,ATP1B1,DRD5,PEBP1,SFTA1P,IL32,CXCL2,PTTG1,AVP,PRDX2,SAA1,CAV1,FXYD3,DUOXA2,CD68,CD93,PRRX1,KCNK16,SOD3,COL6A1,TWIST2,SERPINH1,XKR4,CCL20,RBP1,CNN1,RAB3C,CDKN1C,GCSAML,A4GNT,HPGDS,GMPR
GPR171,LCK,HLA-DQB1,GZMB,NME2,SERP1,JSRP1,CUBN,U2AF1,BCAS1,MT-ND5,BAG3,HLA-DQB1,HKDC1,CWH43,KRT19,CCL11,CYB5A,NAMPT,CDKN3,ENPP7,NDUFA3,TSPAN1,CD34,GUCA2A,KLK6,PSAP,ZNF385D,PDPN,GC,COL4A2,POSTN,CYP26B1,COL3A1,GFRA3,BEST4,NRP2,LMOD1,VWA5B2,FZD9,LTC4S,KCNE2,POU2F3,HBQ1
RORA,CD7,PAX5,CD8A,RPS21,SDF2L1,HIST1H1C,MEP1A,GINS2,HEPACAM2,MT-ND3,HSPB1,C1QC,MALL,PCCA,KRT8,C1S,OCIAD2,AQP9,ASPM,CYP3A4,CCL15,DHRS9,GNG11,PLAC8,KLK7,PLA2G2D,VWA1,AEBP1,SCG2,HIGD1B,FENDRR,POPDC3,PCOLCE,HAND2,MSLN,EFNA5,HSD17B6,SLC38A11,IGFBP2,SVOPL,ZG16B,LPA,TRIM58
KLF6,TIGIT,FCER2,HOPX,RPS18,CD27,EHMT1,PCK1,PPP1R1B,STARD10,CLDN3,ACTG1,C1QA,GNA11,MT-ATP6,CES2,ABCA8,CDKN2B-AS1,FCER1G,TPX2,AQP10,TPI1,ASS1,TMEM88,CEACAM6,S100A6,CHIT1,COL4A2,PCOLCE,C22orf42,CALD1,PLAT,FST,CTHRC1,SOX10,LAMP3,AKAP12,MUSTN1,KCNJ6,HES6,HPGDS,AC000124.1,PSTPIP2,ANKK1
PTGER4,ACTG1,RPL18A,CD160,TMSB10,FKBP11,HIST1H2BC,SLC6A19,KRTCAP3,CREB3L1,ARL14,EGR1,VSIG4,PLS1,NXPE4,CCL25,CCL13,PSME2,IER3,BIRC5,CREB3L3,NQO1,EGLN3,SOX17,CEACAM5,KRT18,CCL18,ECSCR,SERPINF1,MIR7-3HG,EDNRA,FOXF1,CPN2,SRPX,PRIMA1,DRGX,SEMA3A,MYOCD,PSCA,REG1A,CMA1,LCN2,LRMP,DCAF12
DUSP1,IL32,HLA-DPB1,GZMM,RPL12,CRELD2,ANKRD28,MTTP,RAMP1,FAM3D,CYP3A5,NR4A1,DNASE1L3,TMEM54,LEFTY1,CMBL,MEG3,PRAP1,FTH1,PLK1,FABP6,CHCHD10,CLCA4,CYYR1,LYPD8,KRT8,IFI30,MADCAM1,IGFBP4,TAGLN3,PDGFRB,PDGFD,CXCL1,HAS1,L1CAM,TNFRSF11B,PPFIBP1,DSTN,PCDHA13,CRABP1,CDK15,PRR4,B4GALNT4,TSPO2
EEF1A1,LAT,CD19,GNLY,MT1G,DERL3,CADM1,GUCA2A,EPCAM,GSN,PCK1,UBC,C1QB,ATP1A1,MUC1,PCK2,LINC01082,B2M,CD300E,TUBB4B,MEP1B,C15orf48,EMP1,PODXL,PHGR1,LAMC2,CTSL,PRCP,MFAP2,ABCC8,FAM162B,COL6A2,PTGES,DCN,SOX2,CCL25,CLDN5,RERGL,SLC18A1,LINC00616,MS4A3,SLC9A4,PTGS1,STRIP2
RPL9,SPOCK2,CD79A,CMC1,MT1F,CCR10,SPCS3,SLC10A2,GPX2,NPDC1,CLDN4,FOSB,LST1,MTTP,TST,MAOA,PTN,LGALS2,S100A8,CCNB2,ARG2,SELENBP1,CEACAM1,ESAM,CA1,ISG15,ACP5,P2RY6,FAP,SST,REM1,NRG1,COL8A1,TNFRSF12A,CLU,GUCA2A,NR2F1,KCNMB1,NEUROD1,GUCA2A,CNRIP1,MUC5B,RGS13,PAX4
ID2,CTLA4,RPS23,FGFBP2,RGMB,DNAJB9,FCRL5,SUSD2,HSPD1,TPSG1,MTRNR2L1,IER2,TYROBP,LYPD1,CA12,CALM1,CYGB,HSD17B11,S100A12,UBE2S,TM4SF5,MGST3,CEACAM7,NOTCH4,PKIB,BATF2,CTSZ,FAM167B,PODNL1,PAX6,COL18A1,TMEM119,IGFBP5,C3,NRXN3,CCL22,TIE1,FLNA,RPRML,COL11A2,PRG2,LYZ,CNTN6,SLC25A37
SRGN,CD3E,SMIM14,FCRL6,CDHR1,MZB1,PTP4A3,AMN,MT-ATP6,SPDEF,LIPH,HSPA5,IGSF6,TGM2,ETHE1,KRT20,A2M,GUCA2A,CXCL3,DLGAP5,ANPEP,NDUFC2,LCN2,LIFR,TMEM54,KRT19,CTSD,RAI14,THY1,TTR,LURAP1L,COL4A5,STC1,MEDAG,CADM2,TREML1,FXYD6,TPM1,OR51E1,S100A1,VWA5A,SERPINA4,ALOX5,PTPRCAP
RPS12,SH3BGRL3,RPS2,CORO1A,LEFTY1,EAF2,SAT1,OAT,MT-CYB,GALNT5,PRAP1,PHLDA2,RNASE6,NOS2,SPINK5,AKR1C3,RBP1,FABP6,IL1A,CDK1,FABP2,ETHE1,PLAC8,PTPRB,MUC12,UBD,GLUL,FKBP1A,COL6A3,NEUROD1,PI15,DMKN,PLAU,COMP,ALDH1A1,BIRC3,PLIN5,WFDC1,TRIM67,AZGP1,SIGLEC6,SERPINA3,IL17RB,SLC25A39
RPL30,RAC2,CD72,HLA-B,RPLP0,GNG7,BTG2,CYBRD1,PEBP1,ZG16,TMC5,UBB,CACNA2D3,GCNT3,MT-ND3,ALDOB,GGT5,SRI,FCN1,H2AFZ,MTTP,PHGR1,ALDOA,JAM2,FABP1,S100A16,FPR3,MEOX1,LOXL1,RGS4,STEAP4,COL4A6,PDLIM4,MGP,TSPAN11,CCL17,TIMP3,FHL1,SCGN,RETNLB,RGS13,PGA3,OGDHL,MKRN1
RPS20,FOXP3,MARCH1,KLRG1,CKB,ABCB9,HLA-C,SERPINA1,PPP1R14B,FXYD3,FABP6,BTG2,MNDA,ANXA4,GPT,HEBP1,ANGPTL1,OAT,TREM1,HMMR,AQP11,DCXR,TRIM31,CRIP2,LGALS3,PDZK1IP1,GRN,PRSS23,C1S,S100A1,FRZB,SDC2,STC2,NGF,LRRTM1,GABRP,PARD6G,SYNPO2,ADH4,ZIC4,AMHR2,LTF,HMX3,TUBB2B
RPLP1,UCP2,RCSD1,XCL2,MT1M,HERPUD1,UBC,SLC5A12,DBI,MB,PHLDA2,HSPE1,HLA-DMA,HMCN2,MT-CO3,TMPRSS15,PPP1R14A,DPEP1,TYROBP,TUBB,SERPINA1,SERF2,SLC6A8,SPARCL1,KRT20,SERPINB1,CAPG,SPARCL1,ANGPTL2,TMEM190,TPPP3,C11orf96,ACSL4,CRABP2,NRN1,TMSB10,GPM6A,CSRP1,RFX6,SMOC2,TPSD1,ANXA10,IL25,NEUROG3
CYTIP,RPS10,RPL23A,TMSB4X,GPX2,SPCS3,ISG20,ATP1A1,NRARP,TFF1,HBEGF,ZFAND2A,MRC1,ACSL5,MS4A12,KHK,SCARA5,C15orf48,FPR1,HMGB1,ALPI,FABP1,SLC6A14,CLDN5,CLCA4,SFN,CD14,ADAMTS9,FTH1,MYBPHL,MYL9,MMP11,TGFBI,MMP23B,NTM,OTOP2,RHOJ,PDLIM3,ARC,SERPINA1,IL1RAPL1,SCGB3A1,MATK,NYAP1
RPS27A,LTB,RPS27,CCL4,PIGR,PDIA6,SEC11C,MME,HMGA1,RAP1GAP,MT-ND4L,HSPA6,NPC2,SLC5A1,MUC4,FABP2,CXCL14,EPCAM,SAT1,RRM2,CDHR2,PCCA,HPGD,EGFL7,PRDX6,PLA2G4E,CXCL9,SLCO2A1,WNT2,G6PC2,CCDC102B,EMID1,COL12A1,CCDC80,PMP22,CSF2RA,PIEZO2,LAMB4,REG4,IFI6,SLC45A3,CRISP3,HCK,AQP12B
SYTL3,CD52,RPS5,CD7,RPS3,PABPC4,PELI1,SI,CYC1,MLPH,KRT19,ZFP36,FGL2,MISP,PDE4C,PEPD,SFRP1,AMN,INHBA,CENPE,GCHFR,C10orf99,MUC1,KDR,TSPAN1,KRT6B,TYROBP,HYAL2,CXCL13,BHMT,PRSS23,BMP5,FGF7,CLEC11A,PCSK2,EBI3,CLEC4M,CAP2,AC018359.1,LCN2,SLC8A3,CLDN18,LY6H,TMPRSS9
IL2,RPS29,RPL13A,RUNX3,KLF5,SEC61G,TXNDC15,CES2,ALDOA,FOXA3,ELF3,RHOB,CSF1R,SLC5A8,IGFBP2,SLC51B,NOVA1,COX6A1,PLEK,HMGN2,C8G,COX4I1,MUC12,ENPP2,CLDN23,CD55,MS4A4A,MMRN2,NNMT,PRPH,MFGE8,AGT,TNC,NNMT,PRNP,GPR156,SMAD1,HHIP-AS1,MYH1,GADD45G,CALB2,PDIA2,GABRP,CLSTN2
ODF2L,GMFG,POU2F2,SH3BGRL3,RPL36A,ITM2C,TBCEL,MS4A10,TSPAN8,LINC00261,KRT8,PPP1R15A,MS4A7,SERPINA1,TSPAN8,CYB5A,LTBP4,AADAC,TIMP1,CCNA2,SLC46A1,LGALS4,PRSS8,FAM110D,SELENBP1,ZPLD1,CSF1R,CRIP2,LUM,TAAR1,LOXL2,INSC,HSD11B1,ADAMTS16,KCNMB4,AFAP1-AS1,ANGPT2,NPNT,PCSK1N,HPN,UTS2,AGR2,BCAM,LRRC53
RPL32,ICOS,HVCN1,IFITM1,MLXIP,TMEM258,SPCS2,ENPEP,OTC,KLK1,MTRNR2L3,JUNB,CLEC7A,MYH14,MUC12,GSTM4,PLAC9,GLRX,FCGR2A,TUBA1C,SLC2A12,PYCARD,BMP2,ARHGAP29,UGP2,LAMA3,PLD3,SOX18,FN1,ASIC5,NR2F2,CDH13,WNT5A,FBLN1,FSTL3,CTSE,AFAP1L1,JPH2,NKX2-2,KLK11,PRSS57,COL11A2,KLK14,TMCC2
RPS15A,CXCR6,HLA-DQA1,APOBEC3G,RPS9,NME2,HIST1H2BJ,ACY1,PHB,B3GNT6,KRT20,DUSP1,MPEG1,FOLH1,ANXA2,C17orf78,DDR2,PRR13,IFI30,CENPA,CYP4F11,SPINK5,ATP10B,CLEC14A,HPGD,CX3CL1,FCGR3A,CYYR1,ADAMTS2,GAST,EGFLAM,LAMA4,MASP1,RCN3,EGFL8,TXN,EGFL7,SMTN,INSM1,CABP7,MIR202HG,MT-ATP8,AOC1,HIST1H4K
ZFP36,RPL4,RPL27A,ACTB,CDCA7,XBP1,MALAT1,REEP6,HNRNPAB,ATOH1,CALML4,CLDN18,CD1E,LPGAT1,FAM3D,ARHGDIG,C1R,LDHA,CLEC4E,PRC1,ACE2,PI3,GCNT3,MYCT1,AC114814.3,RARRES1,OTOA,PLA1A,GREM1,RBP4,GUCY1A2,NKX2-3,UCN2,PTX3,COL28A1,MARCKSL1,TBX1,PPP1R14A,DDC,KCNQ1DN,CLNK,MIA,ALOX12B,MAP2K3
CD48,SIRPG,LAT2,CRTAM,RPS14,PDIA4,ERLEC1,NAALADL1,MT-CO3,CAMK2N1,LAMA3,GDF15,P2RY13,KRT8,SLC26A2,KCNJ13,APOE,PHGR1,OLR1,AURKB,CIDEC,NDUFB9,B4GALT1,TGFBR2,DHRS9,CXCL9,IGSF6,IL33,LRRC15,KCNH7,PGF,CYGB,CRABP2,DPT,COL21A1,COL2A1,APOD,PDLIM7,SCG2,REG1B,CADPS,LIPF,PTPRT,PCYT1B
RPS3A,CKLF,CD52,KLRC1,EPHB3,TRAM1,SSR3,CDHR2,COX5B,ABCA4,KRT18,MT-ATP8,IFI30,DUOX2,EHF,TST,PCDH7,KHK,C15orf48,GTSE1,FABP1,COX8A,PTPRR,SLC14A1,S100A10,REG1B,NR1H3,OLFM1,COL5A2,KCNK17,AVPR1A,APOD,FTH1,MFAP5,CD9,GJB4,PDE2A,CALD1,RIMBP2,TMED6,NTRK1,PDILT,PCP4,STRADB
MCL1,LDHB,LYL1,HLA-C,MLEC,KRTCAP2,SQSTM1,APOA1,UQCRH,CDC42EP5,LDLR,MLN,SPI1,CORO2A,C4BPB,CRYGC,PTGDS,SLC51B,CCL4L2,PBK,ASAH2,TMEM238,AQP8,LDB2,IFI27,GJB3,FCGR1A,RAMP2,SPARC,C1orf127,RASL12,PTCH1,SBSN,C1R,NGFR,IL17REL,STAB2,LTBP1,BEX1,NDST4,MITF,GOLM1,C11orf53,AGBL5
CCNH,TBC1D4,RPL19,ITGB2,FERMT1,PPIB,HSPB1,DGAT1,RPL7A,KIAA1324,SFN,DNAJA4,CFP,MXD1,ATP1A1,CRYL1,EMILIN1,CCL15,NINJ1,KPNA2,SLC51A,NDUFA1,CASP5,IGFBP4,S100A6,TGM2,MS4A7,CDH5,TPM2,KIF1A,BGN,TRPA1,IGFBP4,PDPN,SORCS1,TVP23A,TAL1,TGFB1I1,LRRTM3,NOTUM,LAPTM4A,CLDN2,KLHDC7A,JAZF1
ANXA1,PKM,RPLP2,ALOX5AP,RPS10,CD79A,HIST1H2BD,AGPAT2,NDUFAB1,GALNT7,LAMC2,MAFF,CSF2RA,SULT1B1,PLCB4,MGAT4B,PLEKHH2,NR1H4,FPR2,CENPW,SAT2,UQCR10,SLC26A3,MMRN2,SDCBP2,PLA2G2A,CTSC,TSPAN7,LGALS1,C6orf15,EFHD1,IGFBP6,CCL2,SERPING1,HAND2-AS1,HSD3B2,GJA1,BCHE,KCNU1,PTP4A3,HPGD,GABRA5,KRT18,THEG
RPS25,ARPC2,LY86,LSP1,ASCL2,NUCB2,TMEM59,APOA4,MT1E,RETNLB,GPRC5A,GJA8,HLA-DMB,UGT2B17,TSPAN1,DHRS11,NID1,RTN4,IL6,NUF2,DHDH,GNG5,SLC40A1,CDH5,KRT8,KRT17,CREG1,TCF4,DPT,MBOAT4,ITGA7,PODN,PTGS1,OLFML3,SORBS2,HMSD,F8,AOC3,SYT13,PLEKHB1,HS3ST1,TESC,CSMD1,TAGLN3
RPL13,ENO1,ARHGAP24,CD3D,RPL7A,CITED2,HIST1H2AE,MT-ND3,RAB25,NEURL1,CD55,H3F3B,CD207,XDH,CFTR,HSD17B2,CRISPLD2,MGST3,KYNU,CKS2,FLVCR1,FAM162A,CA4,CAV2,GPA33,OASL,LYZ,MEOX2,FAM20A,GHRH,CDH6,SULF1,CXCL6,IGF1,DKK3,CCL15,CNTNAP3B,SLC30A8,GAD2,SPINK1,SAMSN1,CLDN10,TAS1R3,ACTC1
GPR183,CD3G,EEF1G,IFITM2,NRARP,RPL36AL,ZBP1,SLC15A1,HMGB1,SYTL2,VMP1,KRTAP5-1,PLD4,SI,MT-CO2,FCGRT,CCL2,CALM2,GPR84,DEPDC1,ACSL5,MGST1,EPCAM,PRSS23,ARTN,CEACAM5,FUCA1,LHX6,COL6A1,DCX,CHN1,NBL1,IL13RA2,LOX,MATN2,RGPD3,PGM5,SOD3,DNAJC12,MST1,SIGLEC8,SLC26A9,PLG,GAD2
RPLP2,TNFRSF1B,LAPTM5,LYAR,RPL10A,POU2AF1,ITM2C,LEAP2,AKR1C3,MGLL,EPCAM,DDIT3,HLA-DRB5,SLC40A1,DSP,SI,TNXB,TDP2,CLEC5A,NCAPG,SLC15A1,ROMO1,BAIAP2L1,GSN,MDK,RSAD2,NPC2,HTRA1,TDO2,GPC5-AS1,SMOC2,PCSK6,TMEM132A,TAGLN,CMTM5,ITIH3,ZNF521,ACTC1,CACNA2D1,EPHB3,ACSL4,C16orf89,KCNQ4,NPPA
LEPROTL1,PFN1,RPSA,CD99,MT1H,RPL10,RABAC1,PHGR1,GGCT,TSPAN13,MTRNR2L11,EDN1,C1orf162,C11orf86,CAST,PRDX1,STMN2,SLC3A1,VCAN,CEP55,NPC1L1,NDUFB3,SDCBP2,GPRC5B,PI3,ITGA2,TREM2,AQP1,ANTXR1,VWA5B2,CSRP2,IGFBP3,AKR1B1,BDKRB1,PTPRZ1,CLIC2,NR2F2,LPP,GSG1,FGFRL1,LMO4,AQP2,AC006449.1,FKBP8
RPL17,CFL1,TLR10,KLRF1,RPL8,OST4,GADD45A,MT-ND2,DCTPP1,GPR153,EPHA2,HBEGF,C1orf54,PPP2CB,TMEM54,CHP2,CP,CYBRD1,APOBEC3A,AURKA,ENPP3,HINT1,CARHSP1,PLAT,HSPB3,DUOX2,NPL,IGFBP7,FIBIN,C8A,GJC1,CALD1,LRRC55,OSR1,SLC35F1,CACNG3,MTUS1,SGCA,RAB3B,SYP,GPR65,HAO1,PLCG2,ARC
CD40LG,HNRNPA1,RPS17,SAMD3,CERS6,GMPPB,H1FX,TCN2,SUCLG1,FAM177B,PDK4,GHRL,CD209,LIMA1,MT-ND1,ALDH1A1,FHL1,APOBEC1,LILRB2,CKS1B,TM4SF4,NDUFA12,CDA,TM4SF1,TRIM31,ANXA10,FCER1G,PLVAP,FBLN2,RFX6,COL5A2,PTGDR2,PGF,EFEMP1,GAS7,CPA2,MYH10,LUZP2,CADPS,LINC00261,ST8SIA6,FMOD,HS3ST5,TADA1
RPL10,GAPDH,CD83,CD3E,DMBT1,LIME1,GAS6,SGK1,CDX1,S100P,GADD45A,PGA3,MAFB,CDH17,KRT20,PYCARD,DCN,CBR1,LILRA5,CDCA8,OXT,NDUFC1,FAM25A,A2M,TEX11,GBP4,LGMN,CCDC3,SPON2,CPE,MAP1B,DHRS7C,IL6,HSPB6,NLGN4X,CFTR,SLC24A1,COL23A1,MCOLN3,TMPRSS5,TCTEX1D1,MT-ND4L,KLK11,ADAMTSL3
RPS6,EVL,NCF1,MYL12A,QTRT1,KDELR2,LMAN1,CYP3A5,TKT,TCEA3,ERRFI1,NCOA7,LYZ,KRT19,LINC00668,DDT,RARRES2,GSTA1,NFKBIA,KIF23,ACY3,RNASE1,TIMP2,NES,TMPRSS2,MUC1,CD209,EPAS1,FGF7,ARX,TIMP1,OLFML3,CRTAC1,ACTA2,FOXD3,CLCN1,STK32B,NEXN,ADH1A,PPM1E,IL13,CAPN6,HOTAIRM1,DMTN
RPS4X,RPL15,RPL21,XCL1,RPL31,SSR2,SRM,APOC3,MT-CO2,CEACAM5,MUC17,MRPL18,CD33,ALDOB,SLC9A2,OTC,ADH1B,SDCBP2,GLUL,TK1,PCK2,NDUFAB1,SFN,RAMP3,ITM2C,TYMP,CYBB,JAM2,COL6A2,KCNJ6,HEYL,SCUBE1,MMP2,ELN,ANGPTL7,RASSF4,SNCG,CSRP2,CNIH2,ASCL2,ALOX5AP,FUT9,CHAT,AC027763.2
TRAT1,PBXIP1,ORAI2,IL32,RPL34,TXNDC15,CD79A,FLVCR1,FAM3B,CAPN9,C11orf86,KLF6,CD1C,NEAT1,SEMG2,COX7C,PROCR,VAMP8,CD44,HJURP,HSD17B2,IGFBP2,ST14,RBP5,AHCYL2,IFIT3,FTH1,EGFL7,COL12A1,NSG2,C1QTNF1,ECM1,GAS1,HSPB8,TENM3,DSC2,FILIP1,RIMS1,CDHR3,RGMB,RASGRP4,CYSTM1,CD300LF,SCT
RPL27,IL2RG,GAPT,IL2RB,RPS23,RABAC1,SMPDL3B,PDZK1,AGR2,S100A6,EDN1,ANKRD37,CD86,SPTBN1,TSPO,SULT1E1,PCDH18,MS4A8,C5AR1,KIF14,AGPAT2,CSTB,IFI27,HEG1,SFN,FAM83A,CTSS,NPDC1,THBS2,SSTR2,ABCC9,TSLP,TNFRSF12A,WT1,NKAIN3,FERMT1,CHRDL1,MRVI1,CELF3,CACNG1,CAPG,HABP2,HMX2,NEUROD2
JUNB,SIT1,LIMD2,MYO1F,RPL27A,PRDX4,SDC1,CREB3L3,LGALS4,RNASE1,RARRES1,CKS2,RGS10,AGPAT2,MT-ND5,SLC25A5,IL34,MGST2,SPP1,KIFC1,MPP1,H2AFZ,C4BPA,GALNT18,MISP,LCN2,SLAMF8,TMEM255B,COL5A1,SYT4,ACTA2,FOXL1,IER3,THY1,WDR86,IDO1,KANK3,MSRB3,CPE,ROPN1B,AREG,IFI6,LMAN1L,BLVRB
YPEL5,C17orf49,BASP1,ARHGDIB,MT-ND1,DNAJC3,NEAT1,HLA-A,IDH2,GALNT12,CHST5,ARMC3,CLEC4F,ABCC3,L1TD1,COX4I1,BMP5,APOA1,PILRA,TTK,CIDEB,TXNDC17,SPATS2L,NFIB,SRI,SERPINA1,KCNJ10,RAB13,HTRA3,CELF3,FHL5,CEBPD,PRRX2,MFAP2,SNCA,CCL19,REEP1,SPOCD1,C2CD4B,PROM1,RENBP,NOTUM,CMYA5,MYT1
SESN1,LAIR2,HLA-DRA,CLIC1,RPL37,JUN,HIST1H2AC,ALPI,CA9,TSTA3,MUC3A,CLDN4,CSTA,ACE2,GIPC1,CFL1,ELANE,ENPEP,TNIP3,ARL6IP1,CYB5A,LCN2,TGM2,EPAS1,HK2,APOL1,CTNND2,DYSF,C1R,UCN3,SPARC,LY6H,THBS2,GEM,ANK3,EXOC3L4,HP,HSPB7,KCNK3,SH3GL2,SRGN,DCHS2,HAP1,LMX1B
PIK3IP1,SH2D2A,RPS11,HLA-A,HOXB9,LMAN1,MEF2B,GDA,MDH2,FFAR4,SLC20A1,RPL12,CLEC4A,BIRC3,MARCKS,COX6C,FNDC1,COX6C,SERPINB9,SAPCD2,SLC6A19,H3F3A,MDK,HSPG2,ST14,SPOCD1,CMKLR1,GPR4,CLMP,C11orf16,RGS16,EMILIN1,SAA1,CD63,MGAT4C,NPPC,ARHGAP29,MYL6,KCNB2,LTF,CASC20,ODAM,COL27A1,MOB1B
NR4A2,RPSA,AFF3,KLRC3,PKP2,ERLEC1,MIF,MT-ND1,YBX1,SCNN1A,C19orf33,ITPKC,CEBPD,PLAC8,TMEM238,SLC25A3,CALD1,RPS27L,SLC11A1,KIF11,UGT2B7,TSPO,SAA4,AIF1L,ETHE1,KRT6A,MSR1,HEG1,CFB,SLC26A7,MAP3K7CL,FOXF2,PHLDA1,LMCD1,SPARC,TNFRSF11A,MEDAG,KANK2,NPY1R,KIAA1324,NFE2,DLGAP1-AS5,CPLX3,NUDT4
PIK3R1,RGL4,HLA-DMB,LCK,NOX1,CIRBP,ATF4,PDXP,EIF5A,RAB27A,ACY1,DNAJB4,CTSS,EFNA2,SULT1B1,SUCLG1,FBLN5,UQCRQ,LILRA1,MAD2L1,VNN1,TMEM54,LAMA3,EXOC3L2,GCNT3,GBP1,ASAH1,CD34,MMP13,GPR142,TINAGL1,CYS1,RAX,EMP1,CADM3,KRT8,MYCT1,MAP1B,CACNA1A,PROX1,LIF,VSIG2,SPIB,GLRX5
RPL36A,FXYD5,RPS21,AOAH,SOX9,AMPD1,PIM2,SLC39A5,PRDX2,ENTPD8,PLCG2,LMNA,CD163,ANKRD9,SELENBP1,COX5B,C7,DHRS7,IDO1,KIF4A,CYP2C9,DBI,CLDN7,TMEM204,ACAA2,PRSS22,SLCO2B1,SNCG,CHRDL2,GABRA1,HES4,TMEM176B,PRRX1,TIMP1,TPPP3,CITED1,C6orf141,MFAP5,SNAP25,PATE2,TAL1,CYP4B1,TMEM198,KRT6B
PNRC1,CD4,RPS8,CFL1,RPS24,OSTC,ELL2,ACSL5,SLIRP,GFPT1,TSPAN8,GADD45B,HLA-DQA2,IFI27,CCL28,FAM3B,ABCA6,TINAG,TNF,TROAP,MME,NDUFA6,GPA33,THBD,MUC13,CXCL5,FOLR2,MGP,CLU,ATF3,FMO3,CPED1,MT2A,C7,TIMP3,CD86,LOX,RBPMS,SLC29A4,DNAJC12,ANXA1,SLPI,TAS1R1,KCNB2
RPS13,RPL6,RPL11,FASLG,RPL39,CD38,COPE,SLC6A8,MT-ND3,KRT18,PDE9A,TUBB4B,RNF130,SMIM5,FXYD3,ANXA4,COL14A1,AP3S1,NCF2,BUB1,ABCC2,COX6C,PLOD2,BCAM,MIER3,TMSB10,LIPA,DOC2B,PTGDS,KCNB2,IL17B,SOX6,NR0B1,FKBP10,CAB39L,CYSTM1,STON2,PTGER3,CDK5R2,CACNA2D2,P2RX1,CHST4,GRIN2B,FBXO7
NAP1L1,LSP1,GGA2,EVL,UQCRH,LMAN2,TMED9,GNA11,EIF4A1,CANT1,TMEM236,TUBB2B,FCER1G,HNF4G,LIMA1,TMEM256,ITIH5,PDZK1,CLEC4D,NEK2,FGF19,POMP,MXI1,FAM167B,C19orf33,TRIM15,ATP6V0C,ESAM,CDH11,F10,FILIP1L,S100A13,GLIS3,LMNA,OLFML2A,SLC2A6,SCN3B,PPP1R12B,SLC7A2,SHC2,GLUL,ARHGAP40,CCSER1,FAM210B
ELF1,CD5,RPL37,HLA-E,RPS12,SPATS2,BCL2L11,FMO1,TXN,GALNT3,SOX14,NR0B2,RGS2,BTNL3,PLA2G2A,BRI3,GPC6,MDK,OSM,UBE2T,FBP1,SNRPG,GSN,NUAK1,TRPM6,SPRR1B,PILRA,DUSP23,ISLR,SCGB1D2,CSPG4,CPM,CXCL5,BGN,C10orf82,ALDH2,RASSF9,SORBS1,DHRS2,MT-ND3,CATSPER1,CA9,PTPN18,ZBTB20-AS4
DUSP2,MYL6,IRF8,ZNF683,KCNE3,TXNDC11,PPP1R15A,APOC2,PDHA1,TMEM61,NEAT1,EIF1,ADORA3,COL17A1,ATP8B1,SLC51A,TMEM176B,ALDOB,LUCAT1,TYMS,AKR1B10,CA1,ATP1B1,F2RL3,MYL12B,INSL4,CTSH,FNDC4,FKBP10,DIRAS3,EHD2,MMP2,CYP24A1,GPC3,SHC4,CLDN3,ACSM2B,ACTN1,PAX4,NRTN,TSC22D1,CA2,ST18,CALB1
CNOT6L,RPS4X,RPL26,APMAP,C10orf99,DNAJC1,HIST2H2BE,MAF,IMPA2,GMDS,GJB5,PMAIP1,CLEC9A,RBM47,MVP,FABP6,ALDH1A3,PXMP2,CTSL,DTYMK,UGT2B17,DNAJC15,ENKUR,SOX18,MAL2,SAA2,SDC3,CLEC14A,IFITM3,MT-ATP8,COL5A3,LAMC1,LAMC3,PDLIM3,NCAM1,TMEM176A,CD59,DTNA,ADCY2,AFAP1-AS1,LMNA,SHISA6,FAM43B,CDC34
RPL28,ICA1,FAU,CD52,MT1X,TPT1,SERPINI1,TMEM236,DDT,ANG,AGR3,RPL41,SDS,P4HB,KRT8,ANXA2,PLTP,MGAM,ACSL1,SMC4,TMEM220,MYL6,SECTM1,KANK3,SGK2,MMP7,IL4I1,ERG,FBN1,RIMBP2,MCAM,TSHZ2,PRR16,CXCL2,NCAM2,CDC42EP4,WWTR1,CASQ2,STXBP5L,NEUROG3,CLEC12A,RNF39,RASSF6,COL4A5
RPL14,DUSP4,RPL28,RAC2,RPL38,TMED2,DNAJB9,DNASE1,ASCL2,BEST2,IER3,IER3,AREG,EPCAM,MLEC,PPP1R16A,CXCL12,FAM3B,THBS1,PSRC1,ABCG2,TST,APOL1,ATOH8,MXI1,HLA-A,RNF130,S100A3,RSPO3,DHRS2,CAV1,PDE1A,TFPI2,CILP2,TUBB2B,CD63,FAM189A2,RCAN2,AMER3,CLDN18,TMEM233,RAMP1,ATP2A3,HIPK4
SCML4,PPP1R18,SWAP70,IFNG,DDAH1,SLAMF7,KRTCAP2,AOC1,RANBP1,ZG16B,FGFBP1,SIK1,MS4A4A,LDHA,LGALS3BP,PSME2,FILIP1L,C2orf88,NLRP3,KIF2C,LPGAT1,ALDOA,TNFSF10,TEK,SRGAP3-AS2,IFI27,ATOX1,VIM,FSTL1,SLC22A10,ARHGEF17,LOXL2,TWIST1,THBS2,MAB21L1,ATP1B1,TLL1,AHNAK2,LINC00907,EPHB2,CSF1,SPINK1,DEFB1,UROC1
STAT4,COTL1,LTB,SLA2,RPS19,MANEA,CD38,CTSD,MRPL11,CKAP4,LMO7,LDLR,CD1D,MYO15B,TFCP2L1,DGAT1,CTSC,TMEM59,TLR2,SPC25,MDK,NUPR1,ACHE,PALMD,CA12,TAP1,GM2A,C1orf54,TPST1,MDK,PLXDC1,PDLIM1,FAM20A,TUBB6,FBLN2,CRLF2,LAYN,MRGPRF,BAALC,GPX2,MAOB,FAM3D,DCLK2,FBXL4
FKBP5,CD28,BLK,ARPC2,CDX1,DNAJB11,BRSK1,KHK,COA3,KLF4,CLDN23,SERTAD1,CD302,CDH1,SATB2,COX8A,SNAI2,APOC3,ICAM1,ZWINT,DGAT1,S100A11,MXD1,C1QTNF9,AK1,LAMB3,STAB1,FAM110D,CYP7B1,GAD2,COL6A2,COL5A1,NRG1,HPD,FIBIN,CYP4B1,TSPAN7,CDH6,PAX6,TM4SF5,LGALS12,ALDH3A1,ANXA13,ZBTB40
CREM,RPS19,HHEX,KIR2DL4,TMEM141,TMEM59,DUSP5,C19orf33,PPIA,ANXA13,TRIM31,OVCA2,LGALS2,DST,SLC44A4,UGT2B17,CEBPD,COX7A2,CD14,CKAP2L,AOC1,COX7B,CD59,RGCC,SCNN1B,RNF213,CD163,ANKRD65,CXCL6,PPP1R1A,CSAG1,RBPMS,SERPIND1,MMP2,SLITRK2,GPR157,MYZAP,TNS1,CAMK2B,KCNQ1OT1,GATA1,SYNPR-AS1,SLC18A3,LRP3
EEF1B2,CORO1B,RPL37A,AKNA,MYB,EEF2,TSC22D3,ACE2,COX5A,ERN2,MUC20,CACYBP,GRN,HBEGF,ABCC3,FUOM,HAS2,PFN1,SRGN,CDCA3,SLC5A1,NDUFS5,TRANK1,CD93,CA7,S100A10,FCGR2A,SMAD1,PGF,HSPA8,FAM13C,COL6A3,PDPN,CILP,HEPN1,ENTHD1,ROBO4,NDUFA4,CBLN4,CTNNA2,ADRB2,SLC9A3,ZFHX3,BTBD17
GPR65,GPSM3,SPIB,S100A4,TFRC,WNT10A,ACOXL,SCIN,RPLP0,MCF2L,TLCD2,TRIB1,STAB1,MYO1A,MUC5B,OAT,CXCL1,SULT1A2,CCL4,CDCA5,MFSD2A,RPS26,TM4SF1,HIF3A,RHOC,NOS2,NUPR1,ARHGEF15,C3,CACNA1A,PPP1R14A,SCUBE2,RGS3,FOSL1,SBSPON,GJB3,GPRC5B,GREM2,MARCH4,NKX2-2-AS1,BTK,FBP2,LIPG,NKX2-2-AS1
EVI2A,OSTF1,RPL32,MATK,ARHGAP8,RPL3,SEC61B,CDKN2B-AS1,ECH1,ANO7,ITPKC,HES1,COTL1,HHLA2,PAPSS2,ATP1A1,C11orf96,CIDEC,PNRC1,KIF15,ANKRD9,ECH1,FA2H,HSPA12B,CDA,PKM,NLRP5,RELL1,EFEMP2,PLCXD3,MGP,PCDH18,NRCAM,ANGPTL4,CHL1,CCR7,RAMP2,PALLD,ST18,CLPS,FFAR3,NPDC1,CEACAM19,MXI1
ETS1,CD6,RPL18,CLEC2B,RPL26,PIM2,RGS1,SLC13A1,SPINK1,CD63,S100A14,ERRFI1,TMSB4X,CES2,DMBT1,DDC,S100A13,MYL12B,CSTA,FOXM1,CDA,AKR1C2,SEMA3C,EHD4,HIGD1A,PPA1,SLC40A1,WWTR1,TBX5-AS1,PYY,IL34,FGF9,CEBPB,CYP1B1,PMEPA1,MT-ND3,LRCOL1,SPARCL1,SCN3A,RAB26,LINC00323,VEPH1,KRT40,RCOR2
RPS3,IL12RB1,STX7,B2M,RPSA,CYBA,NUCB2,MS4A8,REG1B,DNAJC10,LGALS4,SYT6,GPR183,FAM3B,CDH17,MYL12B,SLIT2,DHRS11,AIF1,MXD3,DPEP1,SLC25A5,SMIM5,LIMCH1,OTOP2,GPX2,TNFSF13,PXDN,SERPINH1,ONECUT3,MYO1B,F2R,MMP10,LIF,CDH2,TESC,SV2B,TYRP1,GC,NOXO1,EXD3,KRT6B,TMPRSS6,LINC00337
PARP8,CISH,ADAM28,CD244,IDH2,CALR,HSPA1A,NDRG1,HSPE1,QSOX1,CYP51A1,BRD2,NCF2,CGN,ALDH2,UQCR10,PROS1,SLC10A2,TNFAIP2,ANLN,SHBG,H2AFJ,TFF1,BTNL9,GIPC1,KLK8,DAB2,RASIP1,CRABP2,VSTM2L,C20orf27,SRPX2,DKK3,FBLN2,FIGN,PPA1,IGF2,SNCG,ADCY1,SLC28A3,SMYD3,SPDEF,MT-ATP8,CLPS
SPRY1,CD247,RPL13,KLRC2,L1TD1,SRM,BSCL2,DPP4,NDUFC2,RASEF,MTRNR2L13,SQSTM1,SAMHD1,REG1A,HSD11B2,S100A14,VIM,KRT19,TNFAIP6,NDC80,SULT2A1,NDUFB2,XDH,HEY1,KRTAP13-2,TCN1,ADAP2,PDLIM1,PTGFR,AVPR1B,SYDE1,PITX1,GPR176,TPM2,SYT10,FDCSP,SNCA,NTRK2,PROM1,PKP1,PTH2R,PRSS22,PDE2A,FECH
PPP2R5C,GBP2,RPL15,ABI3,TRABD2A,RPLP1,ANKRD37,SLC7A9,PHB2,PRUNE2,GJB3,PABPC1,TBXAS1,GBP3,S100A14,CYP4B1,COL6A2,FABP1,S100A11,RACGAP1,GPX4,NDUFB10,TRIM40,APOLD1,B4GALT1,CEACAM1,SPI1,ARHGAP29,AOX1,ASGR1,DBNDD2,LTBP4,SOD2,FN1,GPR155,TUBA1C,EPHX1,SYT10,NEUROG3,NKD1,H3F3B,OVCA2,CORO2B,CDKN1C
UBA52,RPL10A,RPS25,CD96,RPL13A,MIF,TOR3A,MYO1A,CLDN15,CMIP,C4orf19,EGR2,RGS18,SDCBP2,MT-CYB,MPST,CRYBG3,SLC39A4,LILRB4,HIST1H1B,HLA-A,PRDX5,S100A6,NRP1,BSG,LAP3,TFEC,FZD4,PTPRN,BEX1,ADAMTS4,HTRA1,OR2S2,LUM,ANK2,C9,RAI14,HSPB6,BRS3,SHF,PLIN2,ARMC3,TRHDE,EBF3
RPS17,TMSB10,RPL39,BIN2,HMGA1,RASGRP3,CREB3L2,SLC6A4,ALDH2,TTC39A,ARHGAP8,RPL10A,GABARAP,ACTN4,HOTTIP,COX6B1,MUSK,COX7B,CEBPB,PRR11,FOLH1,LSM7,TSPAN3,ARHGEF15,CLDN7,ISG20,BRI3,A2M,C20orf141,GCG,DCLK3,COX7A1,PI15,GADD45B,TIMP4,PON3,FLRT2,COX7A1,MNX1,PRUNE2,SYCP2L,KLK6,GPR142,CYP26A1
TTC39C,RHOG,RPL23,CD247,WNK2,MEI1,HIST1H3D,MAOA,RPS26,CGREF1,AGPAT2,TM4SF1,SLAMF8,CLTB,FLNB,SLC5A1,LINC01140,MEP1A,PPIF,PTMA,TM4SF20,S100A14,TSPAN8,ROBO4,FLNB,IFI6,MAFB,NRP1,CXCL1,NKX2-2,LINGO1,ITGA11,FSTL1,RARRES1,RXRG,GRSF1,ACKR2,LINC00702,BSN,SERPINA3,CRLF2,CTSE,CPN1,E2F1
RPL13A,PTPRC,RPS18,CKLF,DSG2,RPS5,TRIB1,AQP7,APEX1,FMOD,FXYD3,RPLP0,SLC31A2,C17orf78,LDHD,CPS1,NKX2-3,PKIB,LITAF,KIF20A,PCK1,CISD3,LMO7,CALCRL,TST,FAM25A,LILRB5,SEMA3F,RAB31,GDAP1L1,ANGPT2,PXDN,INHBA,DLK1,GPR17,HSD3B7,PSG4,CAV1,SV2C,SMAD9,GALC,AK4,MYH8,CACNG4
PTGER2,B2M,HLA-DMA,CXCR3,HMGCS2,IFNAR2,FCGR2B,CNDP2,MATR3,MBOAT2,AC007009.1,ACTB,RNASET2,LAPTM4B,DSG2,ECHS1,CXCL6,HIGD1A,ATP13A3,ARHGAP11A,IL32,RPS13,RHOC,ERG,PLS1,CD59,CD300LF,LMO2,MMP14,USH2A,HEY2,TUSC3,DIO3,CTSK,FEZ1,LAD1,TSPAN4,ARHGEF25,VGF,ELOVL2,FER,MDC1-AS1,VRTN,OR51E1
GLIPR1,RPS27,RPS16,LITAF,ZNF703,SEC62,KCNN3,MALL,FCGRT,SMIM14,C6orf141,TLX3,SAT1,ANXA2,GPX2,GNA11,CLMP,HLA-B,CSTB,H2AFX,CPA2,KRT18,CLDN4,ENG,SMIM22,IFIT2,LRRC25,FCN3,HTRA1,CACNG4,COL6A1,LIMCH1,BICC1,DIRAS3,CNN3,SPINT2,FABP4,TTLL7,KIF1A,LGR5,CD63,MUC1,SPINK5,RNF133
STK4,TUBB,RPL8,RPS10,LGR5,CHPF,RBM33,SULT1A2,H3F3A,GALNT8,CDHR5,PNP,AOAH,STAT3,RAB25,FAM151A,ASPN,CISD1,IL23A,CDCA2,MT-ND5,COX6B1,PI3,SORBS2,HMCN2,MMP10,MPEG1,RHOJ,PCDHA6,CCNA1,RERG,GJA1,ASPHD1,ITGA5,ST6GALNAC5,EMX1,NFIA,IGFBP5,SCT,ZFPM1,MAG,RNASE1,CREG2,TMEM196
ZNF331,PPP1CA,BTK,DUSP2,CWH43,SLC25A6,MRPS24,SAT2,VDAC1,STXBP5-AS1,RHOV,SERPINH1,TMSB10,CTNNB1,PKP2,SULT1A1,VCAM1,SCP2,FTL,HMGB3,FAM3C,LAMTOR4,SLC16A3,SLCO2A1,RFK,PLEK2,TIFAB,ADCY4,MFGE8,SNAP25,TBX2,KREMEN1,RDH8,SLIT3,COL8A1,S100A6,NRN1,PDGFC,PRPH,TESC,KCNH2,KCNN4,MARCKSL1,TCEAL2
MYADM,CCR6,RPL12,SH2D1A,PRAC2,RPL8,GLA,MOGAT2,ALYREF,FER1L6,CKB,TUBB2A,HCK,FGL2,IL18,ETHE1,MAPK10,HEBP1,SLAMF9,CCNF,PPP1R14D,SPZ1,QSOX1,CXCL12,TSPAN3,IFITM3,FABP3,KDR,TNC,TUBA1A,LCN1,C1QL1,FGF2,RGCC,CYTL1,GPX4,WFS1,CPED1,BAIAP3,LINC00868,SLC24A3,TM4SF1,PRSS22,ZNF280B
CD96,IFITM1,FCRLA,PTPRC,KRT18,COMMD3,HM13,MT-ND4,SLC25A5,ASPH,ABCC3,PTMA,ITM2B,MYO7B,S100A6,COX7B,QSOX1,ACOT1,SNX10,KIF20B,REEP3,SEC61G,RSAD2,CABP1,CAMK2N1,GJB4,APOC2,ITGA5,PTGES,ETV1,SERPING1,PTGIS,GJA1,STEAP1,GRIK3,SYNGR2,TM4SF1,NTRK3,CPLX2,BPIFB1,TMEM255B,TMPRSS3,C2CD4C,ITPRIP
NFKBIZ,CCR7,RPL29,LCP1,HNF4A,MTDH,REEP5,CPO,ETFB,HPCAL1,RRBP1,RPS14,SLC40A1,SLC6A8,PLA2G10,SLC37A4,NR2F1,SLC9A3R1,SERPINB2,BUB1B,CYP2S1,PDE4C,ISG15,TMTC1,SLC4A4,TNFSF10,KCNMA1,BMPR2,MXRA8,INSM1,COX7A1,COL9A1,ORM1,COL6A1,ZNF536,ID2,IL33,PTCH1,ADH6,PLXNB3,PAQR5,FUT1,FAT3,SPACA4
EIF1,RPL19,HLA-DOB,FCGR3A,RPS6,PRDM1,POU2AF1,C2orf88,GLRX5,GNE,HRH1,CXCL3,ZFAND5,CYP3A5,B3GALT1,MS4A8,TAC3,ARL4A,IL27,SMC2,NR1I3,FXYD3,DSG2,GPR146,CCL15,CEACAM6,PTAFR,RAB3C,GLT8D2,RIIAD1,CCDC3,IGFBP7,GALNT15,IGFBP6,FLRT1,NPB,GNAS,KCNAB1,DACT2,CCL24,CPM,TACSTD2,CCM2L,OSBPL6
PDE4D,RASGRP1,HLA-DPA1,EOMES,CPS1,AC104699.1,AC104699.1,LGALS2,KDELR1,HES6,HES1,RPS26,CEACAM4,S100A6,EPCAM,CHCHD10,EFEMP2,POMP,GBP1,H2AFV,MUC13,EIF3K,DEFB4A,SOX7,TP53INP2,HLA-B,ITGB2,TLL1,STEAP1,NR0B2,TDO2,PROCR,STRA6,EPYC,PLEKHB1,OGFRL1,SULT1C4,FILIP1L,CYP4F3,KIF19,CD9,FAM3B,GDPD5,CRHR1
ZBTB16,RPL31,STAP1,GLIPR2,RPL35,VIM,KIF3C,MISP,DNPH1,PLA2G10,BPIFB1,VGF,FTL,CTNND1,CLDN7,AKR1C1,FBN1,CYSTM1,MMP19,ASF1B,MT-ND3,SRP14,PTTG1IP,S1PR1,TMEM37,CLDN14,CD163L1,FAM155A,TMEM176A,CDKN1C,TNC,SLITRK6,RND3,EFEMP2,SLC5A7,FOXD4L1,CAV1,EFHD1,PRODH2,AMELY,PIK3R6,CDC42EP1,ADAMTS18,ZDHHC15
RPL5,CD27,STAG3,PIK3R1,ALDH1B1,DDOST,LMAN2,MT-CO1,SNRPF,SLC50A1,SERPINB5,RPL3,TGFBI,LMO7,S100A16,HADHA,RHOBTB3,CFDP1,CTSB,CENPN,SMLR1,TAF10,PLEC,SHE,VSIG2,SERPINA3,SIGLEC1,ARHGAP23,SRPX2,SLC35D3,NID2,LGALS1,FAP,CERCAM,TMEM59L,FBP1,FLNC,TCEAL4,PPP1R1A,MT-CYB,TESPA1,MUC5AC,IFI6,CELA3B
RPL27A,CLIC1,HLA-DQA2,FYN,RPS8,CCPG1,DDIT4,PTGR1,TSPO,UGT2B7,ETS2,EGR3,AXL,SLC25A37,CMBL,CALM2,CD302,CLRN3,GK,KNSTRN,PMP22,COA3,SPINT1,ECSCR,PLCD3,TRIM40,NT5DC4,NOVA2,SERPING1,OVCA2,LGALS1,SDK1,TSC22D1,FLNC,HSPB2,NOXO1,UBTD1,AEBP1,RXFP4,GUCA2B,CD33,SERPINA1,PIK3CG,CELF3
CELF2,TNFRSF25,RPL35,ANXA6,MT2A,TPST2,SPCS1,SLC9A3R1,NDUFA12,TM9SF3,RHPN2,THEG,ADAP2,TRIM15,SPTBN1,PIGR,ADAMTS1,PMP22,STX11,RAD51AP1,SERINC2,IFI27,MIER3,ADCY4,DSC2,CBR3,DNASE1L3,PALMD,POSTN,FABP12,SGIP1,CBLN2,XIRP1,PDLIM4,AP1S2,MT1G,JPH3,PGM5,UCN3,KRT23,FCER1G,MT-ND1,MT-ND4L,KIF1A
PABPC1,EEF1A1,PLEKHA2,CD3G,CDX2,TMED9,SDF2L1,HNF4G,KLF5,NXPE2,ISG15,S100A1,PSAP,ERRFI1,FAM120A,DNASE1,SVEP1,TMEM92,TYMP,OIP5,C1orf115,PPP1R14B,LAMC2,NKX2-3,MYL6,FHL2,LINC01094,TEK,TMEM119,MT-ND4L,TPM2,CDH11,ANTXR1,CLCF1,VIM,RHOV,NR2F2-AS1,MAP3K7CL,ROS1,AC079210.1,GMPR,PART1,OBSL1,TSPAN5
EEF1G,RBPJ,P2RX5,PPP1R18,KIAA1324,B4GALT3,MEI1,MT1E,SSBP1,FAXDC2,B3GNT5,RPL34,SGK1,DSC2,ASL,SLC2A5,NFIA,AKR7A3,MMP9,CKAP2,MUC17,GPX2,RNF186,PLCB1,C10orf99,CLTB,STAT1,ROBO4,PRR16,SYT6,IFITM3,MXRA8,EVA1B,ITGBL1,TTYH1,CELF4,KBTBD11,MCAM,SCG3,BARHL1,IL5RA,MMP7,ITPR2,ADM2
PPP1R2,CREM,FCRL1,CLIC3,CCND2,PDK1,LTC4S,SLC5A1,NASP,MT-ND3,CYSTM1,IRF1,ZNF385A,SEMA6D,BACE2,BLVRB,COL18A1,ACE2,MS4A7,ECT2,PEPD,MUC5B,SERINC2,LCN6,TNFSF10,S100A2,HK3,MCAM,RAB34,C11orf87,OLFML2B,EFEMP2,NTN1,MYL9,ASPA,GFRA1,CNN3,RBPMS2,TMPRSS6,TMEM61,FDX1,CGREF1,TPM1,GREM1
RPL22,ALOX5AP,RPS6,PPP1CA,RPLP2,UFM1,LY96,MAOB,CASP1,KCNMA1,PLAUR,BHMT,CTSH,TMEM45B,ALDOA,AKR7A2,COL6A3,HLA-DRB5,BCAT1,SKA1,AC006449.1,PFN1,IL22RA1,RASIP1,GPRC5A,TRIM29,DNAJC5B,PLCB1,EGFL6,NTS,SDC2,GPX3,SERPINE2,ARL4D,SLC22A17,MT-ATP6,TUBB6,PRDM6,ASPHD1,FST,MAGEB2,FAIM2,SPTLC2,LOR
RPL39,RPS3,RALGPS2,ACAP1,RPL7,EIF1,SLAMF7,TDP2,ECHS1,PTPRF,EHF,TUFT1,CTSC,CTTN,S100A11,VIL1,DKK3,NDUFB2,CSF3R,MYBL2,DNAJB13,MRPL41,EPS8,COL15A1,TMEM171,SERPINB5,CSTB,CLDN5,CYP1B1,CAMK2B,ASPN,LINC01140,AOX1,AC009365.3,TMEM176B,CSTA,FOXC2,AC113167.1,EGR3,CCL26,PTGS1,CD74,PLEKHB1,PGM5-AS1
TAGAP,HCLS1,RPL27,A2M-AS1,CLUH,TNFRSF13B,MANF,UGT2A3,MPC2,NEDD4L,KRT17,RPS2,ARPC3,S100A14,PROK1,S100A16,VCAN,CHPT1,CLEC4A,DIAPH3,CDHR5,MRPL13,RHPN2,THSD7A,CLDN4,ST6GALNAC2,CD63,PLXND1,PRRX2,MS4A8,MRVI1,F2RL2,CPXM2,MRGPRF,PDLIM4,CSF2RB,TSHZ2,EHD2,THEG,PCSK1,AKAP12,PLA2G3,TMEM63C,EIF2AK1
