,source,interaction,weight
60,JAK-STAT,LGALS9&PTPRC,1.3078067600727081
1568,Androgen,SEMA4D&MET,-0.831693485379219
1960,Androgen,HGF&MET,-1.2889562845230103
2352,Androgen,TIMP3&MET,-1.1226118803024292
3030,NFkB,SELE&CD44,3.3325523138046265
3075,TNFa,SELE&CD44,3.322682023048401
3543,EGFR,COL6A5&CD44,0.8716099709272385
4598,NFkB,FN1&CD44,2.7953370213508606
4643,TNFa,FN1&CD44,2.590176820755005
5668,WNT,COL6A1&CD44,-0.40481407195329666
6452,WNT,LAMA2&CD44,-0.46429015696048737
7463,EGFR,LAMB3&CD44,1.7253442406654358
7538,NFkB,LAMB3&CD44,4.055407524108887
7583,TNFa,LAMB3&CD44,3.6556936502456665
7659,EGFR,LAMC2&CD44,2.61789733171463
7719,MAPK,LAMC2&CD44,2.202126383781433
7734,NFkB,LAMC2&CD44,3.089149236679077
7779,TNFa,LAMC2&CD44,3.1110923290252686
8608,WNT,LAMA4&CD44,-0.4847647547721863
8639,EGFR,LAMA3&CD44,1.2381258606910706
8654,Estrogen,LAMA3&CD44,3.789963722229004
8699,MAPK,LAMA3&CD44,1.2276670336723328
8804,WNT,LAMA3&CD44,-0.5252711176872253
8850,Estrogen,LAMC3&CD44,2.0666835755109787
9302,NFkB,FGF2&CD44,2.6250144243240356
9347,TNFa,FGF2&CD44,2.023670196533203
10011,EGFR,VEGFA&CD44,1.5610038042068481
10026,Estrogen,VEGFA&CD44,3.069239377975464
10071,MAPK,VEGFA&CD44,2.119579315185547
10086,NFkB,VEGFA&CD44,3.197216033935547
10131,TNFa,VEGFA&CD44,2.3406882286071777
10222,Estrogen,PRG4&CD44,2.2764781713485718
10403,EGFR,HBEGF&CD44,2.0514281392097473
10463,MAPK,HBEGF&CD44,2.314366340637207
10478,NFkB,HBEGF&CD44,3.3214467763900757
10523,TNFa,HBEGF&CD44,3.3014367818832397
10870,NFkB,PSEN1&CD44,2.4370407462120056
10915,TNFa,PSEN1&CD44,1.7878727912902832
10960,WNT,PSEN1&CD44,-0.43742161989212036
11066,NFkB,MMP7&CD44,2.9080252647399902
11111,TNFa,MMP7&CD44,2.053004801273346
11548,WNT,TIMP3&CD44,-0.6999314725399017
11579,EGFR,HAS2&CD44,1.4571648836135864
11835,MAPK,LPL&CD44,1.4379259943962097
12046,NFkB,MMP9&CD44,6.076059818267822
12091,TNFa,MMP9&CD44,7.61511766910553
12136,WNT,MMP9&CD44,-1.0049740672111511
12167,EGFR,MMP1&CD44,4.482216060161591
12227,MAPK,MMP1&CD44,4.991987228393555
12242,NFkB,MMP1&CD44,4.385636329650879
12287,TNFa,MMP1&CD44,4.240433096885681
12363,EGFR,PKM&CD44,1.3573822975158691
12423,MAPK,PKM&CD44,1.260058343410492
12483,TNFa,PKM&CD44,1.8710435628890991
12528,WNT,PKM&CD44,-0.8331086039543152
12785,Hypoxia,APP&LRP1,1.9870899319648743
12815,MAPK,APP&LRP1,-0.7926779389381409
13056,TGFb,THBS1&LRP1,1.766953021287918
13177,Hypoxia,AGRN&LRP1,1.7076767981052399
13373,Hypoxia,VWF&LRP1,1.478138729929924
13599,MAPK,HSPG2&LRP1,-0.9316332638263702
13644,TGFb,HSPG2&LRP1,0.6914192140102386
13765,Hypoxia,PDGFB&LRP1,2.4722695350646973
13840,TGFb,PDGFB&LRP1,0.8972173035144806
14292,WNT,APOE&LRP1,-0.6671777665615082
15272,WNT,HPX&LRP1,-0.6068659722805023
15755,MAPK,MDK&LRP1,-1.1634476482868195
16056,WNT,CALR&LRP1,-0.9230671226978302
16192,TGFb,CCN2&LRP1,4.194101482629776
16584,TGFb,FCN2&LRP1,0.4458150565624237
17293,Hypoxia,PSAP&LRP1,2.225701928138733
17323,MAPK,PSAP&LRP1,-1.7135785520076752
18016,WNT,TFPI&LRP1,-0.8252811431884766
18212,WNT,F9&LRP1,-0.5258148536086082
18469,Hypoxia,SERPINE1&LRP1,4.535207748413086
18544,TGFb,SERPINE1&LRP1,3.5621635019779205
18604,WNT,SERPINE1&LRP1,-1.1054766774177551
19087,MAPK,F8&LRP1,-1.049539715051651
19388,WNT,C4BPA&LRP1,-0.6226455420255661
19584,WNT,MMP9&LRP1,-1.144619643688202
20112,TGFb,SERPINE2&LRP1,1.9721674025058746
20368,WNT,MMP13&LRP1,-1.1119115948677063
20956,WNT,MBL2&LRP1,-0.5492550432682037
21017,Hypoxia,GPC3&LRP1,1.6031160056591034
21213,Hypoxia,SERPING1&LRP1,2.094248592853546
21424,JAK-STAT,LGALS9&CD47,2.054778039455414
21650,NFkB,THBS1&CD47,2.0969507098197937
21846,NFkB,SIRPA&CD47,1.5777285695075989
21891,TNFa,SIRPA&CD47,1.843262791633606
22615,MAPK,COL4A5&CD47,-1.1169923543930054
24258,Trail,LGALS9&PTPRK,0.9370033144950867
24334,Estrogen,BMP7&PTPRK,-2.4578516483306885
24500,Androgen,WNT5A&PTPRK,-1.6068612039089203
24590,NFkB,WNT5A&PTPRK,2.6528615951538086
24635,TNFa,WNT5A&PTPRK,2.8766201734542847
24952,JAK-STAT,LGALS9&HAVCR2,1.487677663564682
25148,JAK-STAT,CEACAM1&HAVCR2,1.4710623919963837
25856,WNT,CER1&MRC2,-0.35819749534130096
26083,EGFR,DLL1&NOTCH1,-1.0005837082862854
26279,EGFR,ADAM10&NOTCH1,-0.9249343276023865
26339,MAPK,ADAM10&NOTCH1,-0.9250378608703613
26640,WNT,TNF&NOTCH1,-1.5130487978458405
27032,WNT,ADAM17&NOTCH1,-0.9514688551425934
27515,MAPK,DLK2&NOTCH1,-0.8309259712696075
28012,WNT,DLL3&NOTCH1,-0.6264434158802032
28043,EGFR,JAG2&NOTCH1,-0.8610553741455078
28103,MAPK,JAG2&NOTCH1,-0.9360134303569794
28404,WNT,RBP3&NOTCH1,-0.5411571860313416
28419,p53,RBP3&NOTCH1,0.9353491961956024
28420,Androgen,CCN3&NOTCH1,-1.5869025886058807
28796,WNT,MFAP2&NOTCH1,-0.6960424780845642
28812,Androgen,WNT4&NOTCH1,-0.7788320183753967
28887,MAPK,WNT4&NOTCH1,-1.0166718065738678
28992,WNT,WNT4&NOTCH1,-0.7295852601528168
29279,MAPK,PSEN1&NOTCH1,-0.8451580703258514
29384,WNT,PSEN1&NOTCH1,-0.5643654763698578
29595,p53,CNTN6&NOTCH1,1.005139321088791
30003,EGFR,MAML2&NOTCH1,-1.4591867923736572
30274,NFkB,DLL1&NOTCH2,0.8099545538425446
30500,TGFb,ADAM10&NOTCH2,1.25026473402977
30862,NFkB,JAG1&NOTCH2,1.2636877298355103
30877,PI3K,JAG1&NOTCH2,2.6288585662841797
30892,TGFb,JAG1&NOTCH2,1.6251201033592224
32234,NFkB,IL24&NOTCH2,1.50956529378891
32279,TNFa,IL24&NOTCH2,2.223268985748291
32430,NFkB,PSEN1&NOTCH2,0.9338325262069702
32475,TNFa,PSEN1&NOTCH2,0.8922061920166016
32822,NFkB,MAML2&NOTCH2,1.3008909821510315
33018,NFkB,DLL1&NOTCH4,0.6779667437076569
33078,Trail,DLL1&NOTCH4,0.7258495092391968
33214,NFkB,JAG1&NOTCH4,1.1316999197006226
33335,EGFR,DLK1&NOTCH4,0.446240171790123
33727,EGFR,DLL3&NOTCH4,0.3565414249897003
34390,NFkB,PSEN1&NOTCH4,0.8018447160720825
34435,TNFa,PSEN1&NOTCH4,0.8154345154762268
34586,NFkB,MAML2&NOTCH4,1.1689031720161438
34737,Hypoxia,DLL1&NOTCH3,1.0498416423797607
35008,TGFb,JAG1&NOTCH3,1.468339204788208
35656,WNT,DLL3&NOTCH3,-0.3772249221801758
35717,Hypoxia,JAG2&NOTCH3,1.5926535725593567
35732,JAK-STAT,JAG2&NOTCH3,-0.5515787750482559
35807,TNFa,JAG2&NOTCH3,-1.090920239686966
35928,JAK-STAT,THBS2&NOTCH3,-0.6627211421728134
35988,TGFb,THBS2&NOTCH3,1.2868415713310242
36290,Estrogen,PSEN1&NOTCH3,-1.8359963297843933
36440,WNT,PSEN1&NOTCH3,-0.3151469826698303
36998,Trail,CD34&SELL,1.4495525807142258
37194,Trail,SELPLG&SELL,1.483568862080574
37405,VEGF,PODXL2&SELL,-1.0187162458896637
38400,WNT,NRG2&NRP2,-0.37281666696071625
38702,NFkB,VEGFA&NRP2,2.115495264530182
38747,TNFa,VEGFA&NRP2,1.844746708869934
38928,TGFb,PGF&NRP2,0.8942399322986603
39094,NFkB,VEGFC&NRP2,2.3272871375083923
39139,TNFa,VEGFC&NRP2,2.756547212600708
39682,NFkB,RARRES1&NRP2,3.3455591797828674
39727,TNFa,RARRES1&NRP2,4.155444622039795
39848,JAK-STAT,NRG2&LRRTM2,0.49754633009433746
39968,WNT,NRG2&LRRTM2,-0.6644544154405594
40044,JAK-STAT,NRG2&MPIG6B,0.22732654213905334
40134,Trail,NRG2&MPIG6B,-0.5823452025651932
40556,WNT,IGFBP7&MPIG6B,0.22277486324310303
40918,Trail,LGI1&RTN4R,0.8110604882240295
42215,MAPK,ADAM10&TSPAN15,-0.9254890084266663
42366,Estrogen,APP&TSPAN15,-1.1627806723117828
42411,MAPK,APP&TSPAN15,-0.8488757014274597
42547,EGFR,ADAM10&TSPAN12,-1.275033950805664
42652,TGFb,ADAM10&TSPAN12,1.0398708283901215
42743,EGFR,APP&TSPAN12,-1.221434772014618
42758,Estrogen,APP&TSPAN12,-1.93056058883667
43813,PI3K,FSTL5&IL6R,-1.7339144945144653
44130,Estrogen,EFNA1&EPHA3,-4.990843415260315
44326,Estrogen,EFNA4&EPHA3,-1.792528510093689
44341,Hypoxia,EFNA4&EPHA3,1.32587730884552
44522,Estrogen,EFNB2&EPHA3,-1.8619675636291504
44853,VEGF,EFNA5&EPHA3,-2.823455274105072
44914,Estrogen,EFNA2&EPHA3,-0.7307621836662292
45064,WNT,EFNA2&EPHA3,0.39609165489673615
45110,Estrogen,EFNA3&EPHA3,-1.1121166348457336
45125,Hypoxia,EFNA3&EPHA3,2.7631507515907288
47507,MAPK,ADAM10&TSPAN10,-1.0212081372737885
48019,p53,APOE&TREM2,2.59511399269104
48427,EGFR,ADAM10&GPNMB,-1.9858320355415344
48487,MAPK,ADAM10&GPNMB,-2.7904169261455536
48879,MAPK,ADAM10&CADM1,-1.0350601375102997
50266,NFkB,THBS1&TNFRSF11B,3.30118465423584
50462,NFkB,TNFSF10&TNFRSF11B,5.32160758972168
50507,TNFa,TNFSF10&TNFRSF11B,5.124216079711914
50552,WNT,TNFSF10&TNFRSF11B,-1.870359182357788
50854,NFkB,FN1&TNFRSF11B,2.9791701436042786
50899,TNFa,FN1&TNFRSF11B,4.546503901481628
51156,Androgen,VWF&TNFRSF11B,-1.9519485235214233
51352,Androgen,EGF&TNFRSF11B,-2.056404769420624
51548,Androgen,LTF&TNFRSF11B,-1.8118489533662796
51774,Estrogen,GPC3&TNFRSF11B,-1.2750989347696304
51834,NFkB,GPC3&TNFRSF11B,2.315267786383629
52784,JAK-STAT,RSPO2&LGR4,-0.3920447677373886
53281,VEGF,TNFSF11&TNFRSF11A,2.5716217756271362
53930,Estrogen,L1CAM&ERBB3,-4.1532301902771
54005,PI3K,L1CAM&ERBB3,-1.559196650981903
54563,MAPK,EGF&ERBB3,-0.9731960296630859
54955,MAPK,S100A4&ERBB3,-1.352930724620819
55272,Androgen,ADAM12&ITGB1,-0.6765572279691696
55392,TGFb,ADAM12&ITGB1,2.152958631515503
55648,WNT,CD14&ITGB1,-0.590519517660141
55860,Androgen,PLA2G2A&ITGB1,-1.449321374297142
56101,Hypoxia,ADAM17&ITGB1,0.9565699100494385
56236,WNT,ADAM17&ITGB1,-0.6571698784828186
56448,Androgen,ADAM15&ITGB1,-0.29793432354927063
57277,Hypoxia,AGRN&ITGB1,0.7493349015712738
57428,Androgen,VWF&ITGB1,-0.49504290521144867
57473,Hypoxia,VWF&ITGB1,0.519796833395958
57744,TGFb,HSPG2&ITGB1,0.5283560156822205
58031,EGFR,TGFB1&ITGB1,0.6908189356327057
58061,Hypoxia,TGFB1&ITGB1,0.8654617667198181
58136,TGFb,TGFB1&ITGB1,1.1601030826568604
58453,Hypoxia,LGALS1&ITGB1,2.4022719264030457
58724,TGFb,VCAN&ITGB1,2.3285837173461914
58800,Androgen,HGF&ITGB1,-0.7778550833463669
59207,EGFR,VEGFA&ITGB1,1.178343504667282
59237,Hypoxia,VEGFA&ITGB1,5.648040235042572
59267,MAPK,VEGFA&ITGB1,1.665281057357788
59704,TGFb,CXCL12&ITGB1,1.1778708696365356
59764,WNT,CXCL12&ITGB1,-0.6543228030204773
59780,Androgen,VEGFC&ITGB1,-0.5454583615064621
59855,MAPK,VEGFC&ITGB1,1.1464778184890747
60172,Androgen,LGALS3BP&ITGB1,-0.8278081864118576
60368,Androgen,ANGPT1&ITGB1,-0.4111677259206772
60548,WNT,ANGPT1&ITGB1,-1.0961718559265137
60775,EGFR,PLAU&ITGB1,1.962713748216629
60835,MAPK,PLAU&ITGB1,1.75368070602417
61272,TGFb,TIMP2&ITGB1,0.7306485772132874
61724,WNT,FGB&ITGB1,-0.4199652671813965
61785,Hypoxia,FBN1&ITGB1,1.3355063796043396
61860,TGFb,FBN1&ITGB1,1.2939060926437378
61981,Hypoxia,TGM2&ITGB1,1.3545990586280823
62011,MAPK,TGM2&ITGB1,1.3728792667388916
62056,TGFb,TGM2&ITGB1,1.362824559211731
62147,EGFR,MATN1&ITGB1,0.42005424201488495
62177,Hypoxia,MATN1&ITGB1,0.5914362370967865
62508,WNT,ADAM12&ITGA9,0.5111251920461655
63579,MAPK,VEGFA&ITGA9,1.7324824035167694
63775,MAPK,VEGFC&ITGA9,1.213679164648056
64061,VEGF,F13A1&ITGA9,-1.340870440006256
64076,WNT,F13A1&ITGA9,0.49826580286026
64167,MAPK,TGM2&ITGA9,1.440080612897873
64272,WNT,TGM2&ITGA9,0.6948373019695282
64288,Androgen,ADAM12&SDC4,-2.644820511341095
64574,NFkB,THBS1&SDC4,5.281185626983643
64680,Androgen,TNC&SDC4,-2.6737096309661865
64770,NFkB,TNC&SDC4,5.664198398590088
64815,TNFa,TNC&SDC4,5.95346736907959
65071,p53,LAMA1&SDC4,2.9801132678985596
65207,TNFa,CCN1&SDC4,5.581956744194031
65358,NFkB,CXCL10&SDC4,16.143112182617188
65403,TNFa,CXCL10&SDC4,14.295219421386719
65464,Androgen,FGF2&SDC4,-2.4334660470485687
65554,NFkB,FGF2&SDC4,4.788848519325256
65599,TNFa,FGF2&SDC4,4.76431930065155
65750,NFkB,FGF6&SDC4,4.285055696964264
65795,TNFa,FGF6&SDC4,4.310017317533493
65946,NFkB,CCL5&SDC4,10.673966407775879
65991,TNFa,CCL5&SDC4,10.170188426971436
66172,TGFb,PTN&SDC4,-1.8300527930259705
66248,Androgen,MDK&SDC4,-2.370837986469269
66278,Estrogen,MDK&SDC4,-1.9380276799201965
66760,TGFb,RSPO3&SDC4,-2.211951732635498
66881,Hypoxia,ANGPTL4&SDC4,7.729846835136414
67062,Estrogen,TFPI&SDC4,-2.6610432863235474
67152,TGFb,TFPI&SDC4,-2.467166543006897
67273,Hypoxia,TGM2&SDC4,2.4225096702575684
68072,JAK-STAT,TNFSF13&TNFRSF14,0.7113915085792542
68464,JAK-STAT,LTA&TNFRSF14,0.6180727183818817
68539,TNFa,LTA&TNFRSF14,1.0046616792678833
68796,Androgen,ADAM23&ITGB3,-0.5031207501888275
69188,Androgen,PLA2G2A&ITGB3,-1.570426195859909
69384,Androgen,ADAM15&ITGB3,-0.41903914511203766
70364,Androgen,COL4A3&ITGB3,-0.39213165640830994
70936,WNT,EDIL3&ITGB3,-1.2734980285167694
71344,Androgen,FGF2&ITGB3,-0.5863075852394104
71811,MAPK,VEGFA&ITGB3,2.2091636061668396
72308,WNT,CXCL12&ITGB3,-1.5066794753074646
72504,WNT,CX3CL1&ITGB3,-1.4044994711875916
72896,WNT,MFGE8&ITGB3,-1.4376842975616455
72912,Androgen,COL18A1&ITGB3,-0.5453585684299469
73484,WNT,FGB&ITGB3,-1.2723219394683838
73771,MAPK,TGM2&ITGB3,1.9167618155479431
74072,WNT,TLN1&ITGB3,-1.347407966852188
74721,Hypoxia,ADAM17&ITGA5,3.542148172855377
74766,NFkB,ADAM17&ITGA5,1.9612449407577515
74811,TNFa,ADAM17&ITGA5,2.4436932802200317
74856,WNT,ADAM17&ITGA5,-1.1154378652572632
75113,Hypoxia,COL1A1&ITGA5,3.530962586402893
75188,TGFb,COL1A1&ITGA5,2.5024550557136536
75535,MAPK,TNC&ITGA5,1.753310203552246
75550,NFkB,TNC&ITGA5,2.7045791149139404
75580,TGFb,TNC&ITGA5,1.2694794535636902
75595,TNFa,TNC&ITGA5,3.7658594846725464
75776,TGFb,COMP&ITGA5,5.66903954744339
75867,EGFR,CCN1&ITGA5,2.9516873359680176
75987,TNFa,CCN1&ITGA5,3.3943488597869873
76138,NFkB,CCN4&ITGA5,1.562687337398529
76183,TNFa,CCN4&ITGA5,2.4932156205177307
76259,EGFR,CCN2&ITGA5,3.6694107055664062
76319,MAPK,CCN2&ITGA5,3.1706937551498413
76364,TGFb,CCN2&ITGA5,4.581646502017975
76560,TGFb,CXCL12&ITGA5,1.7284790873527527
76620,WNT,CXCL12&ITGA5,-1.1125907897949219
76741,PI3K,ANGPT1&ITGA5,4.212505221366882
76816,WNT,ANGPT1&ITGA5,-1.5544398427009583
77043,EGFR,ANGPTL3&ITGA5,1.4013046324253082
77208,WNT,ANGPTL3&ITGA5,-0.7711274921894073
77239,EGFR,PLAU&ITGA5,2.8276848793029785
77299,MAPK,PLAU&ITGA5,2.4771543741226196
77314,NFkB,PLAU&ITGA5,4.82013726234436
77359,TNFa,PLAU&ITGA5,7.620221972465515
77992,WNT,FGB&ITGA5,-0.8782332539558411
78053,Hypoxia,FBN1&ITGA5,3.9210846424102783
78128,TGFb,FBN1&ITGA5,1.8445143103599548
78701,PI3K,THBS1&ITGA4,3.0332828760147095
78716,TGFb,THBS1&ITGA4,3.397762894630432
79696,TGFb,ADAM29&ITGA4,2.214739888906479
80284,TGFb,THBS2&ITGA4,2.561432898044586
80480,TGFb,VCAN&ITGA4,4.122456789016724
80676,TGFb,CXCL12&ITGA4,2.971743941307068
81038,NFkB,F13A1&ITGA4,-1.2669988572597504
81264,TGFb,TGM2&ITGA4,3.156697630882263
81596,JAK-STAT,CD80&CD28,0.6845769882202148
81912,WNT,CD86&CD28,0.33098578453063965
81988,JAK-STAT,IL12A&CD28,0.6206886470317841
82380,JAK-STAT,CD80&CTLA4,0.6793601661920547
83224,TGFb,SEMA7A&ITGA1_ITGB1,2.2775055170059204
84008,TGFb,COL1A1&ITGA1_ITGB1,2.113160014152527
84400,TGFb,COL4A1&ITGA1_ITGB1,3.4988642930984497
84596,TGFb,COL1A2&ITGA1_ITGB1,1.415768027305603
84792,TGFb,COL4A2&ITGA1_ITGB1,2.4407514333724976
85380,TGFb,COL6A3&ITGA1_ITGB1,1.085751235485077
85968,TGFb,COL4A4&ITGA1_ITGB1,1.0581196546554565
86164,TGFb,COL4A3&ITGA1_ITGB1,0.5930053889751434
87340,TGFb,COL8A2&ITGA1_ITGB1,1.1920430064201355
87536,TGFb,COL15A1&ITGA1_ITGB1,1.720887303352356
87732,TGFb,COL10A1&ITGA1_ITGB1,0.9080812931060791
87928,TGFb,COL16A1&ITGA1_ITGB1,1.6129392385482788
88712,TGFb,COL27A1&ITGA1_ITGB1,0.6468465328216553
89300,TGFb,COL12A1&ITGA1_ITGB1,1.219748318195343
89692,TGFb,COL8A1&ITGA1_ITGB1,0.9109838008880615
89888,TGFb,COL7A1&ITGA1_ITGB1,1.9443436861038208
90084,TGFb,COL5A3&ITGA1_ITGB1,0.7581658661365509
90280,TGFb,COL5A2&ITGA1_ITGB1,1.6361050605773926
90476,TGFb,COL5A1&ITGA1_ITGB1,2.9406450986862183
90672,TGFb,COL3A1&ITGA1_ITGB1,0.981580913066864
91366,Estrogen,SEMA7A&PLXNC1,-0.6703196614980698
91833,PI3K,TNFSF13B&TNFRSF13B,-1.9484649300575256
92180,JAK-STAT,TNFSF13&TNFRSF1A,0.7887531518936157
92496,WNT,TNF&TNFRSF1A,-1.5243063271045685
92572,JAK-STAT,FASLG&TNFRSF1A,0.7879872024059296
92692,WNT,FASLG&TNFRSF1A,-1.1603908240795135
92768,JAK-STAT,LTA&TNFRSF1A,0.6954343616962433
92934,Estrogen,GRN&TNFRSF1A,-2.015075385570526
93130,Estrogen,LTB&TNFRSF1A,-0.7523326575756073
93280,WNT,LTB&TNFRSF1A,-0.6361634433269501
93356,JAK-STAT,TNFSF13&FAS,1.4189149141311646
93582,NFkB,TNF&FAS,10.5982745885849
93627,TNFa,TNF&FAS,8.650218427181244
93748,JAK-STAT,FASLG&FAS,1.4181489646434784
94592,TGFb,FN1&SDC2,2.771000862121582
94894,Estrogen,LAMA3&SDC2,4.252370357513428
95376,TGFb,TGFB1&SDC2,1.7060859203338623
95678,Estrogen,APOC3&SDC2,2.5729125887155533
96341,PI3K,FGF2&SDC2,4.942852258682251
96356,TGFb,FGF2&SDC2,1.7536934614181519
97336,TGFb,ANOS1&SDC2,0.9860598742961884
97532,TGFb,ANGPTL4&SDC2,1.7785704135894775
97668,JAK-STAT,TNFSF13&TNFRSF17,0.5006914585828781
97864,JAK-STAT,TNFSF13B&TNFRSF17,2.601865217089653
98256,JAK-STAT,SLITRK3&PTPRD,-0.2610405534505844
98693,PI3K,TGFA&PTPRD,2.745967298746109
98934,Trail,NTRK3&PTPRD,0.45054101943969727
99673,PI3K,BMP5&PTPRD,1.0149457156658173
99869,PI3K,CNMD&PTPRD,0.7585622072219849
99914,Trail,CNMD&PTPRD,0.639838382601738
100020,JAK-STAT,SLITRK3&PTPRS,-0.3183584362268448
100472,TGFb,NTRK3&PTPRS,-0.3747323527932167
101075,TNFa,SLITRK6&PTPRS,-2.5050110518932343
101648,TGFb,PTN&PTPRS,-0.9145860970020294
101859,TNFa,COL18A1&PTPRS,-0.7814879715442657
102492,WNT,ADAM17&ERBB4,-0.6493523865938187
102628,TGFb,EGF&ERBB4,0.6773317158222198
103020,TGFb,CCN2&ERBB4,4.0636667013168335
103382,NFkB,TNF&FFAR2,10.402195453643799
103472,WNT,TNF&FFAR2,-1.3170952945947647
103488,Androgen,BMP10&FFAR2,-1.2993461564183235
103578,NFkB,BMP10&FFAR2,1.277654007077217
103744,JAK-STAT,FAM3C&FFAR2,0.5106629580259323
104106,Estrogen,APP&TNFRSF21,-1.4792953133583069
104287,EGFR,PI16&TNFRSF21,1.1317883133888245
104558,NFkB,TNF&TNFRSF1B,10.38224995136261
104754,NFkB,LTA&TNFRSF1B,1.836222767829895
105508,JAK-STAT,PDGFC&FLT4,-0.5782215520739555
106322,NFkB,TNF&SEMA4C,9.88967776298523
106367,TNFa,TNF&SEMA4C,8.286577105522156
106412,WNT,TNF&SEMA4C,-1.390558660030365
107302,NFkB,TNF&TRAF2,9.918019890785217
107347,TNFa,TNF&TRAF2,8.349279820919037
107498,NFkB,TNFSF9&TRAF2,2.4685453176498413
107815,EGFR,FADD&TRAF2,0.6902846843004227
107875,MAPK,FADD&TRAF2,0.8515811860561371
108282,NFkB,TNF&TRADD,9.735576301813126
108327,TNFa,TNF&TRADD,7.983321875333786
108840,JAK-STAT,HLA-B&LILRA1,2.0128511488437653
109036,JAK-STAT,HLA-A&LILRA1,1.1999874413013458
109232,JAK-STAT,HLA-C&LILRA1,1.8180032074451447
110453,PI3K,HLA-E&CD8A,-1.9100699126720428
112338,Estrogen,HLA-F&CD8B,-0.6060455292463303
112594,NFkB,HLA-B&KIR2DL3,2.2061735093593597
112639,TNFa,HLA-B&KIR2DL3,3.079725354909897
112835,TNFa,HLA-A&KIR2DL3,1.9369418323040009
112986,NFkB,HLA-C&KIR2DL3,1.6943629682064056
113031,TNFa,HLA-C&KIR2DL3,2.3014704883098602
113182,NFkB,B2M&KIR2DL3,1.3273365199565887
113227,TNFa,B2M&KIR2DL3,1.617479532957077
113287,p53,B2M&KIR2DL3,1.3171137869358063
113378,NFkB,BMP10&KIR2DL3,0.4393448084592819
113679,p53,GAST&KIR2DL3,1.2445426285266876
113770,NFkB,CXCL9&KIR2DL3,2.835622400045395
113891,EGFR,FAM3C&KIR2DL3,0.5675932615995407
115594,Trail,BMP10&KIR3DL1,-0.38034412264823914
116288,JAK-STAT,HLA-B&LILRB2,2.206762671470642
116318,NFkB,HLA-B&LILRB2,2.681836783885956
116484,JAK-STAT,HLA-A&LILRB2,1.3938989639282227
116680,JAK-STAT,HLA-C&LILRB2,2.0119147300720215
116710,NFkB,HLA-C&LILRB2,2.1700262427330017
117072,JAK-STAT,HLA-G&LILRB2,1.2925167679786682
117102,NFkB,HLA-G&LILRB2,1.8461292386054993
117268,JAK-STAT,HLA-F&LILRB2,1.6913248300552368
117298,NFkB,HLA-F&LILRB2,2.237427532672882
117494,NFkB,SEMA4A&LILRB2,1.1789313554763794
117856,JAK-STAT,ANGPTL1&LILRB2,0.9420821070671082
118082,NFkB,IL23A&LILRB2,1.7563713192939758
118670,NFkB,HLA-B&LILRB1,2.3444157540798187
119062,NFkB,HLA-C&LILRB1,1.8326052129268646
119258,NFkB,HLA-G&LILRB1,1.5087082087993622
119454,NFkB,HLA-F&LILRB1,1.900006502866745
121776,JAK-STAT,IL16&CD4,-0.31749024242162704
121896,WNT,IL16&CD4,0.5055265724658966
122092,WNT,SLPI&CD4,0.6845825016498566
122168,JAK-STAT,HLA-DRA&LAG3,1.5124115645885468
122364,JAK-STAT,HLA-DQA1&LAG3,0.5867234617471695
122560,JAK-STAT,HLA-DQB1&LAG3,0.6983988583087921
122756,JAK-STAT,HLA-DPB1&LAG3,0.6797398626804352
122952,JAK-STAT,HLA-DPA1&LAG3,1.0358301103115082
123856,WNT,FGL1&LAG3,0.28242916613817215
123932,JAK-STAT,CLEC4G&LAG3,0.713554710149765
124248,WNT,ANXA1&FPR2_FPR3,0.5797828435897827
125032,WNT,CEACAM1&EGFR,-0.5338325798511505
125244,Androgen,ST6GAL1&EGFR,1.0653847754001617
125485,Hypoxia,L1CAM&EGFR,1.6814267039299011
126857,Hypoxia,TGFB1&EGFR,1.4958988428115845
127053,Hypoxia,ANG&EGFR,4.425715804100037
127249,Hypoxia,FGF1&EGFR,1.687485694885254
127837,Hypoxia,MIF&EGFR,3.8539012670516968
127988,Androgen,VEGFA&EGFR,2.0382776856422424
128033,Hypoxia,VEGFA&EGFR,6.278477311134338
129360,Androgen,LRIG1&EGFR,3.9282673001289368
130912,WNT,PTPN6&EGFR,-0.4452008455991745
131124,Androgen,APP&ADRA2A,1.362117201089859
131229,PI3K,APP&ADRA2A,-2.0401498079299927
132209,PI3K,CCL16&ADRA2A,-1.4257896542549133
132420,TGFb,CXCL13&ADRA2A,1.3736109733581543
132601,PI3K,AGT&ADRA2A,-2.816287875175476
132888,Androgen,POMC&ADRA2A,1.2039407789707184
133053,VEGF,POMC&ADRA2A,-0.8042237162590027
133249,VEGF,PDYN&ADRA2A,-0.6863592267036438
133400,TGFb,PPY&ADRA2A,1.0422038733959198
133476,Androgen,NPY&ADRA2A,1.212400883436203
133506,Estrogen,NPY&ADRA2A,1.5988007634878159
134576,TGFb,SAA1&ADRA2A,1.4987112879753113
134682,Estrogen,PYY&ADRA2A,1.6209444403648376
135270,Estrogen,PMCH&ADRA2A,1.813422679901123
135436,Androgen,GAL&ADRA2A,1.6567132472991943
135466,Estrogen,GAL&ADRA2A,2.2168750166893005
136054,Estrogen,SST&ADRA2A,1.6839991807937622
136189,VEGF,SST&ADRA2A,-1.1167939901351929
136808,Androgen,PNOC&ADRA2A,1.2032753825187683
136973,VEGF,PNOC&ADRA2A,-0.8193146884441376
137320,TGFb,NPW&ADRA2A,1.0017430186271667
137365,VEGF,NPW&ADRA2A,-1.2353860139846802
137516,TGFb,NPB&ADRA2A,0.9232595264911652
138089,PI3K,CCL28&ADRA2A,-2.4065009355545044
138149,VEGF,CCL28&ADRA2A,-1.429464340209961
138285,PI3K,APLN&ADRA2A,-1.7196259498596191
138541,VEGF,CCL27&ADRA2A,-0.9226543307304382
138602,Estrogen,INSL5&ADRA2A,1.6501042246818542
138692,TGFb,INSL5&ADRA2A,0.9202710539102554
138798,Estrogen,C3&ADRA2A,2.333409309387207
139190,Estrogen,C5&ADRA2A,2.2760656476020813
139265,PI3K,C5&ADRA2A,-3.3974791765213013
139325,VEGF,C5&ADRA2A,-1.3306947946548462
139461,PI3K,HEBP1&ADRA2A,-3.1546519994735718
139521,VEGF,HEBP1&ADRA2A,-1.3372741341590881
139732,WNT,ANXA1&FPR1,0.5493005663156509
139808,JAK-STAT,SAA1&FPR1,1.0447550117969513
140004,JAK-STAT,TAFA4&FPR1,0.524582028388977
140516,WNT,ANXA1&GRM7,0.4662671834230423
141014,NFkB,CXCL11&GRM7,8.044077306985855
141210,NFkB,CCL25&GRM7,0.3863663375377655
141602,NFkB,CXCL13&GRM7,0.9645610749721527
142974,NFkB,PPBP&GRM7,0.7694307267665863
143260,WNT,PF4&GRM7,0.2643718123435974
143366,NFkB,CXCL10&GRM7,12.193305879831314
143562,NFkB,CXCL1&GRM7,11.837822824716568
143954,NFkB,PYY&GRM7,0.3228846341371536
144150,NFkB,CXCL8&GRM7,19.385858446359634
144346,NFkB,CCL5&GRM7,6.7241601049900055
144542,NFkB,CXCL2&GRM7,4.828623682260513
144738,NFkB,CXCL3&GRM7,11.599950700998306
145220,WNT,GAL&GRM7,0.433143213391304
145326,NFkB,CXCL5&GRM7,3.71671786904335
145416,WNT,CXCL5&GRM7,0.645245149731636
146110,NFkB,CCL20&GRM7,18.475547701120377
146306,NFkB,CXCL6&GRM7,4.4895948469638824
146396,WNT,CXCL6&GRM7,0.7604814320802689
146502,NFkB,CXCL9&GRM7,2.7182606756687164
146788,WNT,PNOC&GRM7,0.409459725022316
147678,NFkB,CCL19&GRM7,1.5372639000415802
148658,NFkB,CXCL16&GRM7,1.5618721544742584
148854,NFkB,C3&GRM7,4.247399717569351
148944,WNT,C3&GRM7,0.637362465262413
149140,WNT,C5&GRM7,0.7125384360551834
149336,WNT,HEBP1&GRM7,0.36358366906642914
150437,PI3K,L1CAM&ERBB2,-1.3270966410636902
150648,TGFb,EFNB1&ERBB2,-0.7050868272781372
150829,PI3K,SEMA4D&ERBB2,-1.3451603055000305
151372,JAK-STAT,BDNF&ERBB2,-0.48104648292064667
151432,TGFb,BDNF&ERBB2,-0.8697178065776825
151583,MAPK,S100A4&ERBB2,-1.3362926244735718
151628,TGFb,S100A4&ERBB2,-1.0949361026287079
151764,JAK-STAT,HRG&ERBB2,-0.3718436360359192
152910,Estrogen,APP&LRP6,-0.9822554886341095
153121,Hypoxia,CKLF&LRP6,-1.228016346693039
153302,Estrogen,DKK1&LRP6,-2.441147118806839
153452,WNT,DKK1&LRP6,-2.0623760372400284
153468,Androgen,PTH&LRP6,-0.747074767947197
153528,JAK-STAT,PTH&LRP6,-0.629460334777832
153844,WNT,APOE&LRP6,-0.36961768567562103
154086,Estrogen,BMP4&LRP6,-1.258907824754715
154191,TNFa,BMP4&LRP6,-2.1095722317695618
154448,Androgen,WNT5A&LRP6,-1.096881479024887
154840,Androgen,SOSTDC1&LRP6,-0.8350130766630173
155035,p53,SOSTDC1&LRP6,-1.6265857219696045
155096,JAK-STAT,SOST&LRP6,-0.642754927277565
156950,Trail,TTR&NGFR,0.6720004975795746
157176,WNT,NTF3&NGFR,1.5192310810089111
157297,PI3K,BDNF&NGFR,3.673304796218872
157372,WNT,BDNF&NGFR,0.6677921414375305
157493,PI3K,NTS&NGFR,2.535662829875946
157538,Trail,NTS&NGFR,0.6414747834205627
157568,WNT,NTS&NGFR,0.9495806097984314
157764,WNT,IL2&NGFR,0.6069597452878952
158428,JAK-STAT,SAA1&FPR2,1.0530140697956085
158654,NFkB,CCL23&FPR2,1.5076473355293274
159031,MAPK,APP&GPC1,-0.7974902987480164
159151,p53,APP&GPC1,1.5428255796432495
159739,p53,LAMA1&GPC1,1.117523193359375
160915,p53,COL18A1&GPC1,1.3808468580245972
161112,Androgen,APP&PTGER2,1.0533698499202728
162634,Trail,PSG9&DCC,0.4082164466381073
162695,EGFR,IGFBPL1&DCC,0.6819678395986557
163026,Trail,PSG7&DCC,0.5880400240421295
163102,Estrogen,APP&AGER,-1.0175455510616302
164459,EGFR,APP&LRP10,-1.0503435730934143
164474,Estrogen,APP&LRP10,-2.395708680152893
164519,MAPK,APP&LRP10,-0.980945497751236
164639,p53,APP&LRP10,2.933838963508606
164640,Androgen,APP&NCSTN,0.48785631358623505
164655,EGFR,APP&NCSTN,-0.6900869905948639
164670,Estrogen,APP&NCSTN,-1.2982419729232788
164715,MAPK,APP&NCSTN,-0.7975055277347565
164836,Androgen,PSEN1&NCSTN,0.6994672268629074
164866,Estrogen,PSEN1&NCSTN,-1.226868212223053
164896,JAK-STAT,PSEN1&NCSTN,0.33651377260684967
164911,MAPK,PSEN1&NCSTN,-0.7942390441894531
165016,WNT,PSEN1&NCSTN,-0.376407191157341
165680,JAK-STAT,NECTIN2&CD226,0.8495153486728668
165906,NFkB,ICAM1&IL2RA,10.372669577598572
166102,NFkB,IL15&IL2RA,3.7612613439559937
166268,JAK-STAT,ICAM1&MUC1,3.1752858757972717
166298,NFkB,ICAM1&MUC1,10.020561039447784
166343,TNFa,ICAM1&MUC1,11.866487741470337
166449,Hypoxia,ADAM17&MUC1,2.0266570448875427
166494,NFkB,ADAM17&MUC1,1.6800326704978943
166539,TNFa,ADAM17&MUC1,1.4167304039001465
166886,NFkB,ICAM1&IL2RG,9.7624751329422
166931,TNFa,ICAM1&IL2RG,11.474870681762695
167082,NFkB,IL13&IL2RG,0.800304725766182
167127,TNFa,IL13&IL2RG,0.6441726386547089
167142,Trail,IL13&IL2RG,0.6090539395809174
167564,WNT,CCN1&CAV1,2.367139518260956
167685,PI3K,EGF&CAV1,3.195238173007965
168092,TGFb,GNAI2&CAV1,-1.1919463872909546
168273,PI3K,HRAS&CAV1,3.4456154108047485
168740,WNT,BST1&CAV1,1.1524690985679626
169087,TNFa,CCN1&TLR2,5.040247559547424
169178,Estrogen,APOC3&TLR2,0.735844686627388
169238,NFkB,APOC3&TLR2,2.9318642020225525
169283,TNFa,APOC3&TLR2,3.7481221556663513
169434,NFkB,DCN&TLR2,3.266354560852051
169479,TNFa,DCN&TLR2,4.1524670124053955
169600,JAK-STAT,SAA1&TLR2,1.4396054148674011
169962,Estrogen,PRG4&TLR2,0.9018169045448303
171198,NFkB,FN1&ROBO4,1.4248543977737427
171243,TNFa,FN1&ROBO4,2.040448844432831
171515,EGFR,THBS1&ITGA3_ITGB1,1.3513135313987732
172103,EGFR,COL6A5&ITGA3_ITGB1,0.7659132331609726
173264,Androgen,LAMB1&ITGA3_ITGB1,-0.8448207080364227
174048,Androgen,COL6A1&ITGA3_ITGB1,-0.6563568711280823
174244,Androgen,COL6A2&ITGA3_ITGB1,-0.6471746861934662
175616,Androgen,THBS4&ITGA3_ITGB1,-0.7461142539978027
176400,Androgen,LAMB2&ITGA3_ITGB1,-0.6357152163982391
176596,Androgen,RELN&ITGA3_ITGB1,-1.006659358739853
176792,Androgen,COL4A3&ITGA3_ITGB1,-0.5117328464984894
177003,EGFR,LAMB3&ITGA3_ITGB1,1.61964750289917
177184,Androgen,LAMC2&ITGA3_ITGB1,-0.7791614830493927
177199,EGFR,LAMC2&ITGA3_ITGB1,2.5122005939483643
177259,MAPK,LAMC2&ITGA3_ITGB1,2.1512562036514282
177576,Androgen,COL9A3&ITGA3_ITGB1,-1.0521962344646454
177772,Androgen,COL9A2&ITGA3_ITGB1,-0.6906373500823975
177968,Androgen,LAMA4&ITGA3_ITGB1,-0.747499018907547
178179,EGFR,LAMA3&ITGA3_ITGB1,1.1324291229248047
178239,MAPK,LAMA3&ITGA3_ITGB1,1.1767968535423279
178752,Androgen,CDH1&LRP5,-0.5570338368415833
178978,Estrogen,DKK1&LRP5,-2.8870623111724854
179128,WNT,DKK1&LRP5,-2.098597228527069
179324,WNT,APOE&LRP5,-0.40583887696266174
179340,Androgen,WNT5A&LRP5,-0.7386610507965088
179732,Androgen,SOSTDC1&LRP5,-0.476792648434639
181480,WNT,THBS4&CD36,0.727698877453804
182264,WNT,S100A9&CD36,0.913124680519104
182777,PI3K,THBS1&SDC1,3.8003227710723877
182792,TGFb,THBS1&SDC1,2.5872548818588257
183576,TGFb,COL1A1&SDC1,2.9352118968963623
183968,TGFb,COL4A1&SDC1,4.320916175842285
184164,TGFb,FN1&SDC1,3.208383083343506
184360,TGFb,COL1A2&SDC1,2.2378199100494385
184556,TGFb,COL4A2&SDC1,3.262803316116333
184632,Androgen,COL6A1&SDC1,-1.0930178463459015
184812,WNT,COL6A1&SDC1,-0.3751505985856056
184828,Androgen,COL6A2&SDC1,-1.0838356614112854
185129,PI3K,COL6A3&SDC1,3.4158623218536377
185144,TGFb,COL6A3&SDC1,1.9078031182289124
185416,Androgen,TNC&SDC1,-1.3828133344650269
185536,TGFb,TNC&SDC1,1.702236294746399
185807,p53,COL4A5&SDC1,2.9691641330718994
185928,TGFb,THBS2&SDC1,1.7509248852729797
186004,Androgen,THBS4&SDC1,-1.182775229215622
186320,TGFb,COMP&SDC1,6.101796388626099
186501,PI3K,COL4A4&SDC1,2.705213785171509
186516,TGFb,COL4A4&SDC1,1.880171537399292
186712,TGFb,HSPG2&SDC1,1.5117210745811462
186787,p53,HSPG2&SDC1,2.5371843576431274
186788,Androgen,COL4A3&SDC1,-0.9483938217163086
186908,TGFb,COL4A3&SDC1,1.4150572717189789
187089,PI3K,COL4A6&SDC1,2.550359934568405
187180,Androgen,COL9A3&SDC1,-1.4888572096824646
187376,Androgen,COL9A2&SDC1,-1.1272983253002167
188461,PI3K,SLIT2&SDC1,3.124984860420227
188552,Androgen,FGF2&SDC1,-1.142569750547409
188657,PI3K,FGF2&SDC1,4.338883876800537
188672,TGFb,FGF2&SDC1,2.1910756826400757
189140,Androgen,HGF&SDC1,-1.4552220702171326
189532,Androgen,MDK&SDC1,-1.0799416899681091
189848,TGFb,ANGPTL4&SDC1,2.2159526348114014
189908,WNT,ANGPTL4&SDC1,-1.0859113037586212
190044,TGFb,LACRT&SDC1,1.3119744211435318
190723,EGFR,THBS1&ITGA6,1.9781749844551086
190738,Estrogen,THBS1&ITGA6,1.324291706085205
191492,Androgen,COL6A1&ITGA6,-0.7774887084960938
191672,WNT,COL6A1&ITGA6,-0.4192501977086067
191974,NFkB,THBS1&PTPRJ,1.5635841190814972
192306,Estrogen,THBS1&SCARB1,1.5960673689842224
192924,JAK-STAT,PTDSS1&SCARB1,-0.5738703459501266
192954,NFkB,PTDSS1&SCARB1,-1.0027684569358826
193014,Trail,PTDSS1&SCARB1,-0.6853520572185516
194115,MAPK,CD55&ADGRE5,1.4181320667266846
194311,MAPK,CD55&ADGRE2,1.34464693069458
194612,WNT,CD14&TLR4,-0.7706558406352997
195592,WNT,S100A8&TLR4,-0.6967900395393372
197055,MAPK,HMGB1&TLR4,1.9557126760482788
197552,WNT,FGB&TLR4,-0.6001015901565552
198427,MAPK,HSPA4&TLR4,1.802170991897583
199181,Hypoxia,ICAM5&ITGB2,1.7834395170211792
202211,TNFa,MMP9&TLR9,6.561622649431229
203221,VEGF,CD14&RIPK1,1.795333981513977
203236,WNT,CD14&RIPK1,-0.8621543347835541
203312,JAK-STAT,TNFSF10&RIPK1,5.163275480270386
203342,NFkB,TNFSF10&RIPK1,3.858617424964905
203432,WNT,TNFSF10&RIPK1,-1.4564726948738098
203508,JAK-STAT,LTA&RIPK1,1.1411855518817902
203538,NFkB,LTA&RIPK1,1.4073125123977661
204412,WNT,CD48&CD2,0.9214574545621872
204428,Androgen,CD58&CD2,-0.5425790697336197
204578,Trail,CD58&CD2,0.7970900535583496
204819,p53,CD59&CD2,1.6267735958099365
205000,WNT,CD48&CD244,1.1671554446220398
205106,NFkB,CSF1&SIRPA,2.3448588848114014
205151,TNFa,CSF1&SIRPA,2.3140965700149536
205302,NFkB,CD47&SIRPA,1.5777285695075989
205347,TNFa,CD47&SIRPA,1.843262791633606
205558,Trail,VWF&SIRPA,0.6140260994434357
205694,NFkB,VEGFA&SIRPA,1.9696131944656372
205739,TNFa,VEGFA&SIRPA,1.5721094608306885
205950,Trail,SFTPD&SIRPA,0.9788784086704254
207428,JAK-STAT,HLA-C&LILRA3,2.03716379404068
207458,NFkB,HLA-C&LILRA3,1.9586557149887085
207805,Hypoxia,HLA-C&KIR3DL3,1.6065239608287811
207986,Estrogen,TGFB3&ACVR1B_TGFBR2,-3.3574072122573853
208574,Estrogen,TGFB3&TGFBR1_TGFBR2,-3.4243034720420837
209162,Estrogen,TGFB3&ACVR1_TGFBR1_TGFBR2,-3.7509138584136963
209750,Estrogen,TGFB3&ACVR1_TGFBR2,-4.05808687210083
210911,EGFR,CCN1&ITGB5,2.2307432889938354
211272,WNT,EDIL3&ITGB5,-0.8835693299770355
211303,EGFR,TGFB1&ITGB5,0.834846019744873
211589,PI3K,MFGE8&ITGB5,-3.8265775442123413
211664,WNT,MFGE8&ITGB5,-1.0477555990219116
211695,EGFR,FNDC5&ITGB5,0.7429233491420746
212056,WNT,LTBP3&ITGB5,-0.7974544912576675
212087,EGFR,PLAU&ITGB5,2.1067408323287964
212147,MAPK,PLAU&ITGB5,2.1809247732162476
212298,Estrogen,COL18A1&ITGB5,1.1638492345809937
212358,NFkB,COL18A1&ITGB5,-0.9052519500255585
212403,TNFa,COL18A1&ITGB5,-1.2396701574325562
212644,WNT,SERPINE1&ITGB5,-1.2609039545059204
212871,EGFR,TLN1&ITGB5,0.6867914795875549
213036,WNT,TLN1&ITGB5,-0.9574792683124542
213082,Estrogen,ITGB3BP&ITGB5,1.8993556499481201
213142,NFkB,ITGB3BP&ITGB5,-1.0939987897872925
213187,TNFa,ITGB3BP&ITGB5,-1.3647236227989197
213263,EGFR,VCL&ITGB5,1.0263152718544006
213323,MAPK,VCL&ITGB5,1.0720543563365936
213338,NFkB,VCL&ITGB5,-0.8372071087360382
214152,TGFb,FBN1&ITGB6,2.7358628511428833
214408,WNT,TGFB3&ACVRL1,0.44671306014060974
214800,WNT,TGFB3&TGFBR3,0.6713972091674805
215388,WNT,FGF1&TGFBR3,0.807418704032898
215660,JAK-STAT,TGFB2&TGFBR3,-1.0641653537750244
217273,PI3K,TGFB2&ENG,2.115338444709778
218012,JAK-STAT,CD28&CD80,0.6845769882202148
218208,JAK-STAT,CD274&CD80,4.206788510084152
218238,NFkB,CD274&CD80,5.397861123085022
218524,WNT,CD28&CD86,0.33098578453063965
218736,Androgen,KNG1&BDKRB2,-0.6889238134026527
218856,TGFb,KNG1&BDKRB2,-1.1855598092079163
219112,WNT,ACE&AGTR2,0.19442954286932945
219716,Androgen,CDH1&ITGA2_ITGB1,-1.1411721408367157
219927,EGFR,COL13A1&ITGA2_ITGB1,1.7482147514820099
219987,MAPK,COL13A1&ITGA2_ITGB1,2.0585803985595703
220319,EGFR,COL6A5&ITGA2_ITGB1,1.4777872413396835
220937,Hypoxia,COL1A1&ITGA2_ITGB1,1.4719308614730835
221480,Androgen,LAMB1&ITGA2_ITGB1,-1.3066885471343994
222264,Androgen,COL6A1&ITGA2_ITGB1,-1.118224710226059
222309,Hypoxia,COL6A1&ITGA2_ITGB1,1.4361428618431091
222460,Androgen,COL6A2&ITGA2_ITGB1,-1.1090425252914429
222505,Hypoxia,COL6A2&ITGA2_ITGB1,1.8689020872116089
223832,Androgen,LAMB2&ITGA2_ITGB1,-1.0975830554962158
223877,Hypoxia,LAMB2&ITGA2_ITGB1,1.6384161710739136
224028,Androgen,COL4A3&ITGA2_ITGB1,-0.9736006855964661
224073,Hypoxia,COL4A3&ITGA2_ITGB1,1.164886474609375
224239,EGFR,LAMB3&ITGA2_ITGB1,2.331521511077881
224269,Hypoxia,LAMB3&ITGA2_ITGB1,2.621825695037842
224420,Androgen,LAMC2&ITGA2_ITGB1,-1.2410293221473694
224435,EGFR,LAMC2&ITGA2_ITGB1,3.224074602127075
224495,MAPK,LAMC2&ITGA2_ITGB1,2.681645631790161
224812,Androgen,COL9A3&ITGA2_ITGB1,-1.514064073562622
224857,Hypoxia,COL9A3&ITGA2_ITGB1,1.3881312012672424
225008,Androgen,COL9A2&ITGA2_ITGB1,-1.1525051891803741
225204,Androgen,LAMA4&ITGA2_ITGB1,-1.2093668580055237
225415,EGFR,LAMA3&ITGA2_ITGB1,1.8443031311035156
225475,MAPK,LAMA3&ITGA2_ITGB1,1.7071862816810608
226576,Androgen,COL16A1&ITGA2_ITGB1,-1.070365771651268
226847,MAPK,COL19A1&ITGA2_ITGB1,1.382143035531044
228581,Hypoxia,COL7A1&ITGA2_ITGB1,1.621671974658966
228928,Androgen,COL5A2&ITGA2_ITGB1,-2.466964542865753
229124,Androgen,COL5A1&ITGA2_ITGB1,-1.1036434769630432
229169,Hypoxia,COL5A1&ITGA2_ITGB1,2.5200748443603516
229320,Androgen,COL3A1&ITGA2_ITGB1,-1.225695163011551
229516,Androgen,COL18A1&ITGA2_ITGB1,-1.126827597618103
229757,Hypoxia,COL14A1&ITGA2_ITGB1,1.2043841779232025
230134,Estrogen,CDH1&IGF1R,1.5148408710956573
230300,Androgen,IGF1&IGF1R,3.8458197116851807
230420,TGFb,IGF1&IGF1R,1.03208389878273
230465,VEGF,IGF1&IGF1R,-0.9201355576515198
230933,Hypoxia,GPC3&IGF1R,1.2280526459217072
232169,PI3K,NCAN&CDH2,1.8566465377807617
232456,Androgen,CDH1&KLRG1,-0.5147735923528671
232968,TGFb,LEFTY2&ACVR2A,1.2601043283939362
234250,Estrogen,BMP7&ACVR1B,-1.7215189933776855
235049,Hypoxia,LEFTY1&ACVR2B,0.9730419516563416
235200,Androgen,BMP3&ACVR2B,-0.38132473081350327
235350,Trail,BMP3&ACVR2B,0.5735187530517578
237371,EGFR,FGF19&FGFR1,0.6493667960166931
237597,Hypoxia,FGF1&FGFR1,1.007762372493744
239331,EGFR,FGF8&FGFR1,0.6545979082584381
239391,MAPK,FGF8&FGFR1,0.5250852108001709
239919,EGFR,FGF22&FGFR1,0.5168486833572388
240311,EGFR,FGF21&FGFR1,0.4940831959247589
240537,Hypoxia,MMP2&FGFR1,0.8708255887031555
240733,Hypoxia,FGF11&FGFR1,1.4870490431785583
241728,JAK-STAT,NCAM1&FGFR2,-0.45181261748075485
242180,TGFb,FGF10&FGFR2,-0.684954896569252
244336,TGFb,FGF5&FGFR2,-0.9138548523187637
244532,TGFb,FGF7&FGFR2,-0.6347190290689468
244864,JAK-STAT,FGF9&FGFR2,-0.5618408769369125
245211,EGFR,FGF13&FGFR2,-0.8945032358169556
245708,TGFb,FGF22&FGFR2,-0.29613158106803894
246779,EGFR,FGF12&FGFR2,-0.5517633855342865
247140,WNT,NCAM1&PTPRZ1,-1.0423820614814758
247487,TNFa,CNTN1&PTPRZ1,-0.9977968335151672
248708,WNT,PSPN&GFRA1,0.3561417758464813
248784,JAK-STAT,NCAM1&ROBO3,-0.2484859898686409
248980,JAK-STAT,NELL2&ROBO3,-0.36415135860443115
249477,VEGF,SLIT1&ROBO1,-2.4338038861751556
249884,WNT,NCAM1&CACNA1C,-0.5588924959301949
250261,VEGF,CALM3&CACNA1C,-0.72182297706604
250457,VEGF,RIMS1&CACNA1C,-0.7313581109046936
250683,p53,NCAM1&PTPRA,-0.9607604742050171
251181,PI3K,SPTBN2&PTPRA,-1.16515451669693
251573,PI3K,HLA-E&KLRC3_KLRD1,-2.7953027486801147
252101,Hypoxia,CD99&CD81,1.5633864402770996
252161,PI3K,CD99&CD81,-2.1621142625808716
252493,Hypoxia,GPC3&CD81,0.9774982631206512
252598,Trail,GPC3&CD81,0.9825471490621567
252719,MAPK,CD99&CD99L2,-1.1572381556034088
253428,Androgen,ADAM9&ITGAV,2.312841057777405
253458,Estrogen,ADAM9&ITGAV,-2.00831937789917
253910,NFkB,ICAM4&ITGAV,1.7234647870063782
253955,TNFa,ICAM4&ITGAV,2.338564157485962
254151,TNFa,CCN1&ITGAV,3.133481979370117
254242,Estrogen,EDIL3&ITGAV,-1.7760025560855865
254332,TGFb,EDIL3&ITGAV,2.5844331979751587
254498,NFkB,PDGFB&ITGAV,2.3263131380081177
254528,TGFb,PDGFB&ITGAV,2.2886979579925537
254543,TNFa,PDGFB&ITGAV,2.9225974082946777
254800,Androgen,VEGFA&ITGAV,2.89454185962677
254890,NFkB,VEGFA&ITGAV,2.4383556842803955
254935,TNFa,VEGFA&ITGAV,2.6328625679016113
254996,Androgen,AZGP1&ITGAV,4.380670666694641
255192,Androgen,CALR&ITGAV,1.9466715157032013
255508,TGFb,CXCL12&ITGAV,2.732414722442627
255674,NFkB,CX3CL1&ITGAV,2.2471871376037598
255719,TNFa,CX3CL1&ITGAV,3.221144914627075
255900,TGFb,MFGE8&ITGAV,2.109483242034912
256096,TGFb,FNDC5&ITGAV,1.9047399312257767
257332,WNT,CEACAM8&CEACAM1,-0.5054971426725388
257408,JAK-STAT,CEACAM6&CEACAM1,1.5118026435375214
257604,JAK-STAT,CD209&CEACAM1,1.2930871546268463
258840,TGFb,FN1&ITGA4_ITGB1,3.121954560279846
262715,MAPK,TNC&ITGA9_ITGB1,1.0634372234344482
264087,MAPK,LAMC2&ITGA9_ITGB1,1.7814288139343262
265067,MAPK,LAMA3&ITGA9_ITGB1,0.8069694638252258
266152,WNT,EFNA1&EPHB6,-1.0254089683294296
266424,JAK-STAT,EFNA5&EPHB6,-0.5389673709869385
266484,TGFb,EFNA5&EPHB6,-0.85083869099617
266680,TGFb,EFNB1&EPHB6,-0.9665981829166412
266740,WNT,EFNB1&EPHB6,-0.542460486292839
266936,WNT,EFNB3&EPHB6,-0.424432635307312
267132,WNT,EFNA3&EPHB6,-0.3926447778940201
267374,Estrogen,EFNA1&EPHA1,-4.634431451559067
267524,WNT,EFNA1&EPHA1,-0.9798354655504227
267570,Estrogen,EFNA4&EPHA1,-1.4361165463924408
267962,Estrogen,EFNA2&EPHA1,-0.3743502199649811
268158,Estrogen,EFNA3&EPHA1,-0.7557046711444855
268308,WNT,EFNA3&EPHA1,-0.3470712751150131
268459,TNFa,EFNA1&EPHA2,10.347238063812256
270796,TGFb,EFNA5&EPHA5,-0.6605899333953857
270811,TNFa,EFNA5&EPHA5,-0.8958584070205688
271399,TNFa,EFNA1&EPHB1,9.637612581253052
271595,TNFa,EFNB2&EPHB1,1.3442364931106567
271987,TNFa,EFNB1&EPHB1,1.13735830783844
272470,Estrogen,EFNA1&EPHA4,-5.7894898653030396
272620,WNT,EFNA1&EPHA4,-1.4371147155761719
272666,Estrogen,EFNA4&EPHA4,-2.5911749601364136
272862,Estrogen,EFNB2&EPHA4,-2.660614013671875
272937,PI3K,EFNB2&EPHA4,4.446661829948425
273088,JAK-STAT,EFNA5&EPHA4,-0.877112478017807
273163,TNFa,EFNA5&EPHA4,-1.55619877576828
273224,Androgen,EFNB1&EPHA4,-0.8064171075820923
273404,WNT,EFNB1&EPHA4,-0.9541662335395813
273420,Androgen,EFNB3&EPHA4,-0.8250055909156799
273600,WNT,EFNB3&EPHA4,-0.8361383825540543
273646,Estrogen,FGFR4&EPHA4,-1.6183227002620697
273676,JAK-STAT,FGFR4&EPHA4,-0.6914027780294418
273932,TGFb,FGFR3&EPHA4,1.282954752445221
274038,Estrogen,EFNA2&EPHA4,-1.5294086337089539
274234,Estrogen,EFNA3&EPHA4,-1.9107630848884583
274324,TGFb,EFNA3&EPHA4,1.1887787878513336
274384,WNT,EFNA3&EPHA4,-0.8043505251407623
274415,EGFR,EFNA1&EPHA7,-1.8339987099170685
274430,Estrogen,EFNA1&EPHA7,-5.5982362031936646
274596,Androgen,EFNA4&EPHA7,0.6662287712097168
274611,EGFR,EFNA4&EPHA7,-1.0659683644771576
274626,Estrogen,EFNA4&EPHA7,-2.3999212980270386
275214,Estrogen,EFNA2&EPHA7,-1.3381549715995789
275410,Estrogen,EFNA3&EPHA7,-1.7195094227790833
276872,TGFb,KITLG&KIT,-2.4973646998405457
276932,WNT,KITLG&KIT,0.6387032270431519
277023,MAPK,KITLG&EPOR,-0.6560545265674591
277294,Trail,GH1&EPOR,0.6043398231267929
277385,Hypoxia,EPO&EPOR,0.7375128865242004
277581,Hypoxia,KLK3&EPOR,0.5699555426836014
277973,Hypoxia,KITLG&LRRN3,-1.2390007972717285
278229,PI3K,MPZ&MPZL1,1.5480371117591858
278470,Trail,CD34&SELP,0.5269140154123306
278485,VEGF,CD34&SELP,0.5427526533603668
278666,Trail,SELPLG&SELP,0.5609302967786789
278862,Trail,VWF&SELP,0.5143031179904938
279360,JAK-STAT,SERPING1&SELP,1.7422308027744293
279676,WNT,CD40LG&ITGA5_ITGB1,-0.6322070062160492
279737,Hypoxia,L1CAM&ITGA5_ITGB1,2.3437787890434265
279933,Hypoxia,FN1&ITGA5_ITGB1,2.953919529914856
280008,TGFb,FN1&ITGA5_ITGB1,2.5003221333026886
280687,EGFR,ANGPTL4&ITGA5_ITGB1,2.3090015649795532
280717,Hypoxia,ANGPTL4&ITGA5_ITGB1,7.954725384712219
280747,MAPK,ANGPTL4&ITGA5_ITGB1,1.9865674376487732
280792,TGFb,ANGPTL4&ITGA5_ITGB1,1.507891684770584
280852,WNT,ANGPTL4&ITGA5_ITGB1,-1.1773536503314972
281109,Hypoxia,NAMPT&ITGA5_ITGB1,3.3889737129211426
281516,JAK-STAT,TNFSF13B&CD40,3.126092851161957
281546,NFkB,TNFSF13B&CD40,2.8368070125579834
281712,JAK-STAT,C4BPA&CD40,0.7987686991691589
281938,NFkB,LTB&CD40,3.3538912534713745
281983,TNFa,LTB&CD40,3.273684024810791
282420,WNT,CD40LG&CD53,-0.5656152367591858
283008,WNT,CD40LG&CD9,-0.5090981870889664
283054,Estrogen,L1CAM&CD9,-2.375621736049652
283069,Hypoxia,L1CAM&CD9,1.3941558003425598
283973,VEGF,IZUMO1&CD9,0.9067697376012802
284848,JAK-STAT,EFNA5&EPHB2,-0.497845396399498
285541,VEGF,VEGFA&EPHB2,2.1982341706752777
286582,Estrogen,ICAM3&ITGAL,0.8367310613393784
287200,JAK-STAT,ICAM3&CLEC4M,-0.29570991545915604
287818,NFkB,TNFSF9&PVR,2.4818962812423706
288044,TGFb,TIGIT&PVR,0.619355171918869
288225,PI3K,NECTIN3&PVR,3.2985252141952515
288300,WNT,NECTIN3&PVR,-0.8281054496765137
288858,Trail,CADM3&NECTIN1,0.502671092748642
288903,p53,CADM3&NECTIN1,0.5787455439567566
289084,WNT,NECTIN3&NECTIN1,-0.7122541666030884
289778,NFkB,TNFSF9&TNFRSF9,4.868185520172119
289974,NFkB,TNFSF9&IL13RA2,3.43703031539917
291090,Estrogen,BMP4&ACVR2A_BMPR1B,-1.7656426429748535
291286,Estrogen,BMP7&ACVR2A_BMPR1B,-2.125672221183777
292266,Estrogen,BMP8A&ACVR2A_BMPR1B,-0.951263502240181
292854,Estrogen,BMP4&ACVR2B_BMPR1B,-1.5471789240837097
293050,Estrogen,BMP7&ACVR2B_BMPR1B,-1.907208502292633
294030,Estrogen,BMP8A&ACVR2B_BMPR1B,-0.7327997833490372
294814,Estrogen,BMP4&BMPR1B_BMPR2,-1.7064822912216187
295010,Estrogen,BMP7&BMPR1B_BMPR2,-2.066511869430542
295990,Estrogen,BMP8A&BMPR1B_BMPR2,-0.8921031504869461
297256,TGFb,BMP6&ACVR2A_BMPR1A,1.4709255695343018
297648,TGFb,GDF6&ACVR2A_BMPR1A,0.9778645932674408
300784,TGFb,BMP6&BMPR1A_BMPR2,2.0475764870643616
301176,TGFb,GDF6&BMPR1A_BMPR2,1.5545155107975006
301568,TGFb,GDF5&ROR2,-1.2573363184928894
301764,TGFb,WNT1&ROR2,-0.5335557609796524
302820,Androgen,BMP2&ACVR1,-1.0807376503944397
302970,Trail,BMP2&ACVR1,1.7058161795139313
303242,Estrogen,GDF2&ACVR1,-2.0524495244026184
303362,Trail,GDF2&ACVR1,0.625658243894577
303438,Estrogen,BAG6&NCR3,-0.8989827483892441
303558,Trail,BAG6&NCR3,0.4616250991821289
304086,NFkB,TNFSF10&TNFRSF10B,4.219916224479675
304131,TNFa,TNFSF10&TNFRSF10B,3.0961790084838867
304523,TNFa,TNFSF10&TNFRSF10A,2.8238998651504517
305156,WNT,TNFSF10&TNFRSF10D,-1.342382937669754
305217,Hypoxia,MIF&TNFRSF10D,4.1185877323150635
305624,JAK-STAT,TNFSF10&CCR6,4.55710169672966
305744,WNT,TNFSF10&CCR6,-1.192763775587082
305820,JAK-STAT,DEFB1&CCR6,0.6642685532569885
306528,WNT,CD177&PECAM1,0.6582907289266586
306920,WNT,MMP2&PECAM1,1.051194429397583
307554,Estrogen,EFNB2&EPHB3,-2.305095672607422
307720,Androgen,EFNB1&EPHB3,-0.7723443508148193
307900,WNT,EFNB1&EPHB3,-0.5931058973073959
307915,p53,EFNB1&EPHB3,2.1384522914886475
307916,Androgen,EFNB3&EPHB3,-0.790932834148407
308096,WNT,EFNB3&EPHB3,-0.4750780463218689
308157,Hypoxia,AFDN&EPHB3,0.6150191426277161
308338,Estrogen,EFNB2&EPHB4,-2.486768364906311
308624,TGFb,EFNB1&EPHB4,-0.7078410685062408
308699,p53,EFNB1&EPHB4,1.8186947107315063
309378,NFkB,EFNB2&RHBDL2,1.9341061115264893
309423,TNFa,EFNB2&RHBDL2,2.86109721660614
310192,TGFb,FN1&ITGAV_ITGB1,3.0022899508476257
311217,VEGF,NRXN2&NLGN1,-3.3133881092071533
311805,VEGF,NRXN2&NLGN2,-0.7690829932689667
312062,Estrogen,NRXN1&NLGN3,-0.37096231430768967
312092,JAK-STAT,NRXN1&NLGN3,0.19222279638051987
312152,TGFb,NRXN1&NLGN3,-0.2654299959540367
312620,Androgen,B2M&CD1A,0.935051366686821
312846,Estrogen,B2M&CD1B,-0.9431530386209488
313011,p53,B2M&CD1B,1.2356033623218536
313012,Androgen,PSAP&CD1B,-0.940980926156044
313042,Estrogen,PSAP&CD1B,-1.538544312119484
313916,TGFb,C3&CD46,-2.3655238151550293
314187,p53,C4A&CD46,4.867860376834869
314278,NFkB,ADAM17&RHBDF2,2.274297595024109
314323,TNFa,ADAM17&RHBDF2,1.975706696510315
314610,Estrogen,ALCAM&NRP1,-2.3268168568611145
314700,TGFb,ALCAM&NRP1,-1.2722727954387665
315077,PI3K,EGF&NRP1,1.7221278548240662
315665,PI3K,FGF2&NRP1,3.1539112329483032
315876,TGFb,HGF&NRP1,-1.4524241089820862
316057,PI3K,VEGFA&NRP1,3.922220826148987
316268,TGFb,FGF7&NRP1,-1.293825089931488
316570,Estrogen,VEGFB&NRP1,-1.8947189450263977
316660,TGFb,VEGFB&NRP1,-1.1634611189365387
316856,TGFb,SEMA3F&NRP1,-1.13272225856781
317052,TGFb,C3&NRP1,-2.6886608004570007
317188,JAK-STAT,C4A&NRP1,1.1333272755146027
317776,JAK-STAT,NRG1&HLA-DPB1,0.5153177082538605
317972,JAK-STAT,TNFSF13B&HLA-DPB1,2.79181045293808
318123,EGFR,NRG1&LSR,0.7918785810470581
318168,JAK-STAT,NRG1&LSR,0.46661290526390076
318198,NFkB,NRG1&LSR,1.1333802342414856
318243,TNFa,NRG1&LSR,1.607191026210785
318499,p53,APOE&LSR,1.4197368621826172
318665,VEGF,APOB&LSR,-0.6999684274196625
318711,EGFR,NRG1&NETO2,1.3532836735248566
318801,PI3K,NRG1&NETO2,4.318557381629944
318861,VEGF,NRG1&NETO2,1.683461606502533
318952,JAK-STAT,NRG1&MS4A4A,0.4585985243320465
319103,EGFR,NRG1&FCAMR,0.6891505718231201
319148,JAK-STAT,NRG1&FCAMR,0.4134077876806259
319178,NFkB,NRG1&FCAMR,0.6906086504459381
320565,PI3K,DSC3&DSG3,-2.537427067756653
320655,p53,DSC3&DSG3,3.4819953441619873
321470,Estrogen,ADAM9&ITGA3,-1.8176099061965942
322239,EGFR,PLAU&ITGA3,2.516640841960907
322299,MAPK,PLAU&ITGA3,2.5605368614196777
322420,Androgen,COL18A1&ITGA3,-0.9056657552719116
322812,Androgen,LGALS8&ITGA3,-1.5727632641792297
322842,Estrogen,LGALS8&ITGA3,-2.665945529937744
323038,Estrogen,SEMA5A&PLXNA3,-0.997095137834549
323249,Hypoxia,SEMA5B&PLXNA3,1.6623352766036987
324817,Hypoxia,SEMA4D&PLXNB3,0.8262286186218262
324968,Androgen,SEMA4A&PLXNB3,0.6901900768280029
325148,WNT,SEMA4A&PLXNB3,-0.6810976415872574
325284,TGFb,ALCAM&CD6,-0.5955609679222107
325360,Androgen,DSG2&DSC1,1.480836033821106
325706,Trail,SELPLG&ITGAM,0.5879930108785629
325887,TNFa,ICAM4&ITGAM,1.083399623632431
325947,p53,ICAM4&ITGAM,1.6771408319473267
326083,TNFa,CCN1&ITGAM,1.8783174455165863
326128,WNT,CCN1&ITGAM,1.7442279756069183
326279,TNFa,HP&ITGAM,0.907463401556015
326490,Trail,KNG1&ITGAM,0.5720546096563339
326701,VEGF,APOB&ITGAM,-0.5861906707286835
327108,WNT,CCN2&ITGAM,1.3233849704265594
327259,TNFa,C3&ITGAM,5.306967467069626
327304,WNT,C3&ITGAM,0.8044791221618652
327455,TNFa,PLAU&ITGAM,6.104190558195114
327666,Trail,FGA&ITGAM,0.5949454009532928
327696,WNT,FGA&ITGAM,0.4781537503004074
327847,TNFa,PLAT&ITGAM,2.2863636910915375
328631,TNFa,MMP9&ITGAM,6.6521274745464325
328857,VEGF,F10&ITGAM,-0.8710522055625916
328887,p53,F10&ITGAM,1.1098482608795166
329083,p53,ICAM4&ITGA2B,1.2085431814193726
329234,Trail,COL2A1&ITGA2B,-0.46465669572353363
329852,WNT,FGA&ITGA2B,0.34716886281967163
329973,PI3K,F2&ITGA2B,-0.6372425258159637
330048,WNT,F2&ITGA2B,0.28490786999464035
330063,p53,F2&ITGA2B,0.6030900478363037
330455,p53,ICAM4&RHAG,1.411247730255127
331043,p53,NECTIN1&NECTIN4,4.974039703607559
331104,JAK-STAT,TIGIT&NECTIN2,0.8143113851547241
331270,Estrogen,NECTIN3&NECTIN2,-0.8854525983333588
331345,PI3K,NECTIN3&NECTIN2,3.1509451866149902
331420,WNT,NECTIN3&NECTIN2,-0.6757756173610687
331511,MAPK,COL13A1&ITGA10_ITGB1,1.2277766466140747
336019,MAPK,COL19A1&ITGA10_ITGB1,0.5513392835855484
339984,TGFb,COL1A1&ITGA11_ITGB1,2.715618073940277
340376,TGFb,COL4A1&ITGA11_ITGB1,4.1013223528862
340572,TGFb,COL1A2&ITGA11_ITGB1,2.0182260870933533
340768,TGFb,COL4A2&ITGA11_ITGB1,3.043209493160248
341356,TGFb,COL6A3&ITGA11_ITGB1,1.6882092952728271
341944,TGFb,COL4A4&ITGA11_ITGB1,1.6605777144432068
342140,TGFb,COL4A3&ITGA11_ITGB1,1.1954634487628937
343120,TGFb,COL8A2&ITGA11_ITGB1,1.7945010662078857
343316,TGFb,COL15A1&ITGA11_ITGB1,2.323345363140106
343512,TGFb,COL10A1&ITGA11_ITGB1,1.5105393528938293
343708,TGFb,COL16A1&ITGA11_ITGB1,2.215397298336029
344492,TGFb,COL27A1&ITGA11_ITGB1,1.2493045926094055
345080,TGFb,COL12A1&ITGA11_ITGB1,1.8222063779830933
345472,TGFb,COL8A1&ITGA11_ITGB1,1.5134418606758118
345668,TGFb,COL7A1&ITGA11_ITGB1,2.546801745891571
345864,TGFb,COL5A3&ITGA11_ITGB1,1.3606239259243011
346060,TGFb,COL5A2&ITGA11_ITGB1,2.238563120365143
346256,TGFb,COL5A1&ITGA11_ITGB1,3.5431031584739685
346452,TGFb,COL3A1&ITGA11_ITGB1,1.5840389728546143
348487,p53,CNTN4&PTPRG,-1.374550461769104
349890,Estrogen,NLGN3&NRXN1,-0.37096231430768967
349920,JAK-STAT,NLGN3&NRXN1,0.19222279638051987
349980,TGFb,NLGN3&NRXN1,-0.2654299959540367
351262,Estrogen,NXPH3&NRXN3,1.066266119480133
351352,TGFb,NXPH3&NRXN3,1.0172215104103088
351533,PI3K,NXPH1&NRXN3,2.297591805458069
351789,VEGF,NLGN1&NRXN2,-3.3133881092071533
351985,VEGF,NLGN2&NRXN2,-0.7690829932689667
352377,VEGF,NXPH3&NRXN2,-0.7292821258306503
352784,WNT,SEMA6D&KDR_PLXNA1,-1.065224826335907
353146,Trail,SFTPD&LAIR1,1.045242726802826
353448,JAK-STAT,SECTM1&CD7,3.2153768092393875
353644,JAK-STAT,NECTIN2&TIGIT,0.8143113851547241
354609,Hypoxia,SEMA4D&PLXNB2,0.8508885204792023
355227,MAPK,SEMA4G&PLXNB2,-0.9464343786239624
355347,p53,SEMA4G&PLXNB2,1.6651555895805359
355393,Hypoxia,ANG&PLXNB2,3.9406347274780273
355619,MAPK,PTN&PLXNB2,-0.8517859280109406
355770,Estrogen,SEMA4D&PLXNB1,-1.1323490738868713
355845,PI3K,SEMA4D&PLXNB1,-1.2638137340545654
355966,Estrogen,SEMA4A&PLXNB1,-1.3213160037994385
356132,Androgen,SEMA4D&CD72,-0.3493432104587555
356478,Trail,HAVCR1&CD300LB,0.5446420609951019
357564,JAK-STAT,PDCD1LG2&PDCD1,1.589854434132576
357760,JAK-STAT,CD274&PDCD1,3.8967769891023636
357956,JAK-STAT,FAM3C&PDCD1,0.3965916335582733
358227,TNFa,PDCD1LG2&RGMB,1.8481194972991943
358257,VEGF,PDCD1LG2&RGMB,2.6992498636245728
358408,TGFb,BMP2&RGMB,-1.691773533821106
358423,TNFa,BMP2&RGMB,4.801817059516907
358453,VEGF,BMP2&RGMB,3.0559277534484863
358604,TGFb,BMP4&RGMB,-2.2417855262756348
358906,Estrogen,SEMA6A&PLXNA2,0.8765547275543213
359056,WNT,SEMA6A&PLXNA2,0.43340669572353363
360082,Estrogen,SEMA4A&NRP1_PLXNA3,-1.193894863128662
360232,WNT,SEMA4A&NRP1_PLXNA3,-0.4245234876871109
362192,WNT,SEMA4A&NRP1_PLXNA1,-0.5306585878133774
363022,Estrogen,SEMA4A&PLXND1,-0.9547437429428101
363595,EGFR,SEMA4B&DCBLD2,3.186396837234497
363700,TGFb,SEMA4B&DCBLD2,-1.6635686755180359
363896,TGFb,PDGFC&PDGFRB,2.494890332221985
364092,TGFb,PDGFA&PDGFRB,2.6889604330062866
364288,TGFb,MFGE8&PDGFRB,1.233698844909668
364348,WNT,MFGE8&PDGFRB,-0.7532537877559662
364514,Trail,PDAP1&PDGFRB,-1.1037602424621582
365404,JAK-STAT,VEGFC&FLT1,1.128442645072937
365434,NFkB,VEGFC&FLT1,2.004904806613922
365509,VEGF,VEGFC&FLT1,1.7384517192840576
365630,NFkB,GPC3&FLT1,0.7273315638303757
366052,TGFb,PDGFC&KDR,1.987822949886322
366444,TGFb,GREM1&KDR,0.7606731057167053
367032,TGFb,TIMP3&KDR,1.867543637752533
367092,WNT,TIMP3&KDR,-0.6824528574943542
368479,p53,CCL3&CCR4,6.500188261270523
368992,TGFb,CXCL12&CCR4,1.2443771809339523
369052,WNT,CXCL12&CCR4,-0.625186026096344
369550,NFkB,TNFSF18&TNFRSF18,1.4389415979385376
369625,VEGF,TNFSF18&TNFRSF18,2.307396352291107
369761,PI3K,TNFSF13B&TNFRSF13C,-2.0557807087898254
370666,Estrogen,COL2A1&ITGAV_ITGB8,-1.1510790884494781
371118,NFkB,FN1&ITGAV_ITGB8,2.3629149794578552
371163,TNFa,FN1&ITGAV_ITGB8,2.43158757686615
371842,Estrogen,COL4A2&ITGAV_ITGB8,-1.2308479845523834
373410,Estrogen,COL4A5&ITGAV_ITGB8,-2.310910701751709
373802,Estrogen,LAMB2&ITGAV_ITGB8,-2.360310435295105
374254,NFkB,LAMB3&ITGAV_ITGB8,3.6229854822158813
374299,TNFa,LAMB3&ITGAV_ITGB8,3.4971044063568115
374450,NFkB,LAMC2&ITGAV_ITGB8,2.6567271947860718
374495,TNFa,LAMC2&ITGAV_ITGB8,2.9525030851364136
374782,Estrogen,COL9A3&ITGAV_ITGB8,-1.5106013417243958
374978,Estrogen,COL9A2&ITGAV_ITGB8,-1.3451852798461914
379847,p53,CALM3&GP6,-1.316807210445404
380104,JAK-STAT,AGRN&MUSK,0.35191696137189865
380586,Trail,IL6&MUSK,2.19207626581192
380797,VEGF,COLQ&MUSK,-0.4937700629234314
380873,Hypoxia,AGRN&LRP4,1.274892121553421
381461,Hypoxia,SOSTDC1&LRP4,1.3222502171993256
381672,JAK-STAT,SOST&LRP4,-0.5040115267038345
382064,JAK-STAT,AGRN&LRP2,0.38481374084949493
382818,Estrogen,AVP&LRP2,-0.5031560063362122
383240,JAK-STAT,APOA1&LRP2,0.30812232196331024
383556,WNT,APOE&LRP2,-0.6460323333740234
384310,Trail,GC&LRP2,0.5464219003915787
384536,WNT,TF&LRP2,-0.8954706192016602
384778,Estrogen,APOA4&LRP2,-0.5887991786003113
385170,Estrogen,MDK&LRP2,-1.203002154827118
385200,JAK-STAT,MDK&LRP2,0.4876322001218796
386300,WNT,SERPINE1&LRP2,-1.0843312442302704
386738,Estrogen,LRPAP1&LRP2,-0.6652434766292572
386934,Estrogen,GPC3&LRP2,-0.5200327783823013
387054,Trail,GPC3&LRP2,0.5301306992769241
387522,Estrogen,TCN2&LRP2,-0.6174339652061462
387868,WNT,ARPC5&LRP2,-0.6129619181156158
388743,MAPK,LAMA5&DAG1,-1.4216299653053284
389436,WNT,LAMA2&DAG1,-0.477544829249382
389663,EGFR,LAMB2&DAG1,-1.3688367009162903
389678,Estrogen,LAMB2&DAG1,-2.2966310381889343
389723,MAPK,LAMB2&DAG1,-2.076497435569763
389919,MAPK,HSPG2&DAG1,-1.4137399792671204
390612,WNT,LAMA4&DAG1,-0.49801942706108093
390808,WNT,LAMA3&DAG1,-0.53852578997612
391412,Androgen,LAMB1&ITGA6_ITGB1,-0.7850336134433746
391984,WNT,LAMA2&ITGA6_ITGB1,-0.3878306597471237
392196,Androgen,LAMB2&ITGA6_ITGB1,-0.575928121805191
392407,EGFR,LAMB3&ITGA6_ITGB1,1.7945964336395264
392588,Androgen,LAMC2&ITGA6_ITGB1,-0.7193743884563446
392603,EGFR,LAMC2&ITGA6_ITGB1,2.6871495246887207
392663,MAPK,LAMC2&ITGA6_ITGB1,2.3012412190437317
392784,Androgen,LAMA4&ITGA6_ITGB1,-0.6877119243144989
392964,WNT,LAMA4&ITGA6_ITGB1,-0.40830525755882263
392995,EGFR,LAMA3&ITGA6_ITGB1,1.3073780536651611
393055,MAPK,LAMA3&ITGA6_ITGB1,1.3267818689346313
393160,WNT,LAMA3&ITGA6_ITGB1,-0.4488116204738617
393372,Androgen,MDK&ITGA6_ITGB1,-0.5834936201572418
394080,TGFb,LAMC1&ITGA7_ITGB1,0.78944331407547
395060,TGFb,LAMC2&ITGA7_ITGB1,1.6164937615394592
396492,WNT,LAMA2&ITGA6_ITGB4,-0.4704989343881607
397472,WNT,LAMA4&ITGA6_ITGB4,-0.4909735321998596
397668,WNT,LAMA3&ITGA6_ITGB4,-0.5314798951148987
398151,MAPK,LAMA5&BCAM,-0.9289120435714722
398181,PI3K,LAMA5&BCAM,-1.5248515605926514
398196,TGFb,LAMA5&BCAM,-0.6287494003772736
398211,TNFa,LAMA5&BCAM,-0.7014992535114288
398392,TGFb,COL1A1&DDR1,2.856750965118408
398739,MAPK,COL5A2&DDR1,-2.371143400669098
398784,TGFb,COL5A2&DDR1,2.379696011543274
398980,TGFb,COL3A1&DDR1,1.7251718640327454
399372,TGFb,TIMP3&DDR1,2.6007556915283203
400684,JAK-STAT,COL4A5&CD93,-0.4967242181301117
401468,JAK-STAT,KNG1&CD93,-0.4115554690361023
401558,Trail,KNG1&CD93,0.65469129383564
401664,JAK-STAT,MMRN2&CD93,-0.4101473093032837
401754,Trail,MMRN2&CD93,0.7389622032642365
401980,WNT,MBL2&CD93,-0.2437245100736618
402372,WNT,F12&CD93,-0.31642669439315796
402538,Trail,COL2A1&MAG,-0.3814117908477783
405252,TGFb,FN1&ITGAV_ITGB6,3.7232682704925537
405448,TGFb,TNC&ITGAV_ITGB6,2.2171214818954468
406232,TGFb,TGFB1&ITGAV_ITGB6,2.658353328704834
406549,Hypoxia,FN1&ITGA2,2.7142235040664673
406639,TNFa,FN1&ITGA2,2.354536294937134
406700,Androgen,TNC&ITGA2,-2.1105940341949463
406775,MAPK,TNC&ITGA2,2.89747154712677
406835,TNFa,TNC&ITGA2,2.9771777391433716
407031,TNFa,HSPG2&ITGA2,1.5367178618907928
407092,Androgen,MMP1&ITGA2,-2.4488778710365295
407107,EGFR,MMP1&ITGA2,6.077230930328369
407167,MAPK,MMP1&ITGA2,6.4053239822387695
407227,TNFa,MMP1&ITGA2,4.00479257106781
407333,Hypoxia,FN1&PLAUR,2.484805941581726
407378,NFkB,FN1&PLAUR,3.446230471134186
407423,TNFa,FN1&PLAUR,3.7033427953720093
407680,Androgen,KNG1&PLAUR,-0.4809369817376137
407981,PI3K,BMP8B&PLAUR,2.790969729423523
408087,EGFR,PLAU&PLAUR,3.4230316877365112
408147,MAPK,PLAU&PLAUR,3.3667750358581543
408162,NFkB,PLAU&PLAUR,6.266815900802612
408207,TNFa,PLAU&PLAUR,8.180346727371216
408237,VEGF,PLAU&PLAUR,2.950195074081421
408509,Hypoxia,SERPINE1&PLAUR,4.400541424751282
408554,NFkB,SERPINE1&PLAUR,4.046406865119934
408599,TNFa,SERPINE1&PLAUR,3.6537755727767944
408629,VEGF,SERPINE1&PLAUR,3.113981246948242
408644,WNT,SERPINE1&PLAUR,-1.0233964025974274
408720,JAK-STAT,MMP12&PLAUR,1.0683794617652893
408750,NFkB,MMP12&PLAUR,4.7043516635894775
408765,PI3K,MMP12&PLAUR,3.5070016384124756
408795,TNFa,MMP12&PLAUR,5.672413349151611
409187,TNFa,FN1&IL17RC,1.4528086185455322
410620,Androgen,GHRH&DPP4,1.2379092127084732
410816,Androgen,NPY&DPP4,1.1453940570354462
411992,Androgen,ADCYAP1&DPP4,1.1175310015678406
412308,TGFb,CXCL2&DPP4,-1.4361690282821655
413906,Trail,VWF&STAB2,0.33438004553318024
414268,TGFb,LAMC1&ITGA1,0.9684236943721771
414901,VEGF,MATN1&ITGA1,-1.2718076407909393
415052,TGFb,SORBS1&ITGA1,1.2167613804340363
415128,Androgen,TNC&PTPRB,-0.9520195722579956
415248,TGFb,TNC&PTPRB,0.7888133823871613
415640,TGFb,TNC&ITGA7,1.0061631202697754
416108,Androgen,APOB&VLDLR,1.7907991111278534
416469,VEGF,PLAU&VLDLR,2.727259874343872
416500,Androgen,TFPI&VLDLR,2.6269426345825195
416831,TNFa,LPL&VLDLR,-1.760462999343872
417027,TNFa,LRPAP1&VLDLR,-1.3713257312774658
417057,VEGF,LRPAP1&VLDLR,1.9062026739120483
417072,WNT,LRPAP1&VLDLR,1.230893611907959
417223,TNFa,APOC1&VLDLR,-1.4346685409545898
419168,TGFb,LAMC2&CD151,1.8434770107269287
419198,Trail,LAMC2&CD151,-0.8847117125988007
419786,Trail,IL6&FCGR3B,2.247921496629715
421430,Estrogen,GDF3&ACVR1B_ACVR2A,-0.7968243658542633
421716,TGFb,INHBA_INHBB&ACVR1_ACVR2A,2.5776488184928894
421822,Estrogen,BMP7&ACVR1_ACVR2A,-2.6642829179763794
422304,TGFb,BMP6&ACVR1_ACVR2A,1.6437443494796753
422606,Estrogen,BMP8A&ACVR1_ACVR2A,-1.4898741990327835
424144,Androgen,GDF3&ACVR1B_ACVR2B,-0.28777704387903214
424174,Estrogen,GDF3&ACVR1B_ACVR2B,-0.5783607065677643
424566,Estrogen,BMP7&ACVR1_ACVR2B,-2.4458192586898804
425350,Estrogen,BMP8A&ACVR1_ACVR2B,-1.2714105397462845
425470,Trail,BMP8A&ACVR1_ACVR2B,0.656562015414238
429239,p53,CCL3&CCR3,6.421724200248718
431456,JAK-STAT,CCL27&CCR3,-0.3404766768217087
431968,WNT,CCL21&ACKR2,-0.24458176642656326
432029,Hypoxia,CCL22&ACKR2,0.9160767048597336
432571,p53,CCL3&ACKR2,6.399657905101776
433280,TGFb,CCL11&ACKR2,1.0149483978748322
433521,VEGF,CCL23&ACKR2,-0.8265774250030518
434577,Hypoxia,CCL28&ACKR2,1.438181683421135
434697,VEGF,CCL28&ACKR2,-1.1979105472564697
435089,VEGF,CCL27&ACKR2,-0.691100537776947
435376,JAK-STAT,SST&SSTR1,-0.22584478557109833
435738,Estrogen,SST&SSTR2,1.5737665891647339
436461,VEGF,SST&SSTR4,-0.8360454738140106
436612,TGFb,CORT&SSTR3,-0.5436162129044533
436687,p53,CORT&SSTR3,1.105350136756897
437004,TGFb,CORT&SSTR5,-0.6482577621936798
437079,p53,CORT&SSTR5,1.2018641233444214
437396,TGFb,CORT&GHSR,-0.5761043429374695
437487,EGFR,GHRH&GHSR,0.4296954870223999
438014,Trail,GHRL&GHSR,0.36803364008665085
438346,NFkB,ADM&MRGPRX2,2.803950861096382
438663,EGFR,PSPN&SDC3,0.5238486081361771
438949,PI3K,FGF2&SDC3,3.173034369945526
439643,EGFR,ANGPTL4&SDC3,1.920342594385147
439808,WNT,ANGPTL4&SDC3,-0.9919966012239456
439929,PI3K,COL5A3&SDC3,1.7097225785255432
440231,EGFR,NCAN&SDC3,0.5195191204547882
440321,PI3K,NCAN&SDC3,1.738353431224823
440834,Estrogen,NPY&MC4R,0.4817736893892288
441015,EGFR,ASIP&MC4R,0.5212768614292145
441180,WNT,ASIP&MC4R,0.2924894094467163
441392,Androgen,POMC&MC5R,0.3218846917152405
441588,Androgen,ASIP&MC5R,0.4529370665550232
441603,EGFR,ASIP&MC5R,0.4458812475204468
442763,p53,POMC&MC1R,0.7953807711601257
443140,WNT,CCL21&CCR7,-1.0635489374399185
443246,NFkB,CCL19&CCR7,3.7552958726882935
443532,WNT,CCL21&CCR10,-0.2771260142326355
443638,NFkB,CCL25&CCR10,0.6312273740768433
443683,TNFa,CCL25&CCR10,0.7807393968105316
443834,NFkB,CXCL13&CCR10,1.2094221115112305
444030,NFkB,CCL2&CCR10,9.154751121997833
444075,TNFa,CCL2&CCR10,10.453324854373932
444226,NFkB,CCL7&CCR10,1.8385754227638245
444271,TNFa,CCL7&CCR10,1.321877121925354
444422,NFkB,CCL19&CCR10,1.782124936580658
444467,TNFa,CCL19&CCR10,1.2519259452819824
444573,Hypoxia,CCL28&CCR10,1.5674780309200287
445176,JAK-STAT,CXCL11&CXCR3,7.604049101471901
445372,JAK-STAT,CXCL13&CXCR3,0.8282055407762527
445688,WNT,PF4&CXCR3,0.2888842672109604
445764,JAK-STAT,CXCL10&CXCR3,7.763534441590309
446940,JAK-STAT,CCL7&CXCR3,0.6823783069849014
447136,JAK-STAT,CXCL9&CXCR3,5.452590361237526
447332,JAK-STAT,CCL13&CXCR3,0.32281339168548584
448312,JAK-STAT,CXCL13&ACKR4,1.5275354385375977
448508,JAK-STAT,CCL2&ACKR4,2.340516984462738
448568,TGFb,CCL2&ACKR4,-2.9586187601089478
449488,JAK-STAT,CCL8&ACKR4,3.7628955245018005
449684,JAK-STAT,CCL7&ACKR4,1.3817082047462463
449880,JAK-STAT,CCL13&ACKR4,1.0221432894468307
449940,TGFb,CCL13&ACKR4,-1.1225232481956482
450830,Estrogen,SHH&CDON,0.6023925840854645
451026,Estrogen,NTN3&NEO1,-1.0143707692623138
451493,PI3K,RGMA&NEO1,-1.0948370099067688
451780,Androgen,WNT10B&FZD6_LRP5,-0.6003147214651108
453348,Androgen,WNT4&FZD6_LRP5,-0.8042592704296112
453740,Androgen,WNT2B&FZD6_LRP5,-0.6102218627929688
455112,Androgen,WNT10B&FZD6_LRP6,-0.7794248908758163
456680,Androgen,WNT4&FZD6_LRP6,-0.9833694398403168
457072,Androgen,WNT2B&FZD6_LRP6,-0.7893320322036743
458444,Androgen,WNT10B&FZD7_LRP5,-0.7046803683042526
460012,Androgen,WNT4&FZD7_LRP5,-0.908624917268753
460404,Androgen,WNT2B&FZD7_LRP5,-0.7145875096321106
461776,Androgen,WNT10B&FZD7_LRP6,-0.883790597319603
463344,Androgen,WNT4&FZD7_LRP6,-1.0877351462841034
463736,Androgen,WNT2B&FZD7_LRP6,-0.8936977386474609
465484,WNT,WNT7A&FZD5_LRP5,-0.48313525319099426
465635,TNFa,WNT9A&FZD5_LRP5,-0.6989815682172775
466072,WNT,WNT1&FZD5_LRP5,-0.34005673974752426
466856,WNT,WNT4&FZD5_LRP5,-0.539664551615715
466902,Estrogen,WNT7B&FZD5_LRP5,-1.7133647203445435
467052,WNT,WNT7B&FZD5_LRP5,-0.4861043244600296
467098,Estrogen,WNT2B&FZD5_LRP5,-1.1506128907203674
467203,TNFa,WNT2B&FZD5_LRP5,-0.9193834662437439
468424,WNT,WNT6&FZD5_LRP5,-0.4157639592885971
468440,Androgen,WNT10B&FZD2_LRP5,-0.43585173785686493
468967,TNFa,WNT9A&FZD2_LRP5,-0.9846847206354141
470008,Androgen,WNT4&FZD2_LRP5,-0.6397962868213654
470234,Estrogen,WNT7B&FZD2_LRP5,-2.075623333454132
470400,Androgen,WNT2B&FZD2_LRP5,-0.4457588791847229
470430,Estrogen,WNT2B&FZD2_LRP5,-1.512871503829956
470490,NFkB,WNT2B&FZD2_LRP5,-0.9196771681308746
470535,TNFa,WNT2B&FZD2_LRP5,-1.2050866186618805
471772,Androgen,WNT10B&FZD3_LRP5,-1.0161051005125046
472299,TNFa,WNT9A&FZD3_LRP5,-0.9037681967020035
473340,Androgen,WNT4&FZD3_LRP5,-1.220049649477005
473732,Androgen,WNT2B&FZD3_LRP5,-1.0260122418403625
473822,NFkB,WNT2B&FZD3_LRP5,-0.8389884531497955
473867,TNFa,WNT2B&FZD3_LRP5,-1.1241700947284698
475480,WNT,WNT7A&FZD4_LRP5,-0.5172294825315475
475631,TNFa,WNT9A&FZD4_LRP5,-0.7881579548120499
476068,WNT,WNT1&FZD4_LRP5,-0.37415096908807755
476852,WNT,WNT4&FZD4_LRP5,-0.5737587809562683
476898,Estrogen,WNT7B&FZD4_LRP5,-2.051765739917755
477048,WNT,WNT7B&FZD4_LRP5,-0.5201985538005829
477094,Estrogen,WNT2B&FZD4_LRP5,-1.489013910293579
477199,TNFa,WNT2B&FZD4_LRP5,-1.0085598528385162
478224,WNT,WNT6&FZD4_LRP5,-0.4498581886291504
480034,Estrogen,WNT7B&FZD10_LRP5,-1.6405746340751648
480230,Estrogen,WNT2B&FZD10_LRP5,-1.0778228044509888
482099,TNFa,WNT9A&FZD1_LRP5,-0.799601212143898
483667,TNFa,WNT2B&FZD1_LRP5,-1.0200031101703644
485280,WNT,WNT7A&FZD5_LRP6,-0.4650246649980545
485431,TNFa,WNT9A&FZD5_LRP6,-0.6239013522863388
485868,WNT,WNT1&FZD5_LRP6,-0.3219461515545845
486652,WNT,WNT4&FZD5_LRP6,-0.5215539634227753
486698,Estrogen,WNT7B&FZD5_LRP6,-1.490407109260559
486848,WNT,WNT7B&FZD5_LRP6,-0.46799373626708984
486894,Estrogen,WNT2B&FZD5_LRP6,-0.9276552796363831
486999,TNFa,WNT2B&FZD5_LRP6,-0.8443032503128052
488220,WNT,WNT6&FZD5_LRP6,-0.39765337109565735
488236,Androgen,WNT10B&FZD2_LRP6,-0.6149619668722153
488763,TNFa,WNT9A&FZD2_LRP6,-0.9096045643091202
489804,Androgen,WNT4&FZD2_LRP6,-0.8189065158367157
490030,Estrogen,WNT7B&FZD2_LRP6,-1.8526657223701477
490196,Androgen,WNT2B&FZD2_LRP6,-0.6248691082000732
490226,Estrogen,WNT2B&FZD2_LRP6,-1.2899138927459717
490331,TNFa,WNT2B&FZD2_LRP6,-1.1300064623355865
491371,p53,WNT16&FZD2_LRP6,-1.5260100960731506
494900,Androgen,WNT10B&FZD3_LRP6,-1.195215329527855
494960,JAK-STAT,WNT10B&FZD3_LRP6,-0.6097853928804398
495156,JAK-STAT,WNT7A&FZD3_LRP6,-0.6070031523704529
495427,TNFa,WNT9A&FZD3_LRP6,-0.8286879807710648
496468,Androgen,WNT4&FZD3_LRP6,-1.3991598784923553
496860,Androgen,WNT2B&FZD3_LRP6,-1.205122470855713
496995,TNFa,WNT2B&FZD3_LRP6,-1.0490898787975311
497508,JAK-STAT,WNT8A&FZD3_LRP6,-0.5775047093629837
498608,WNT,WNT7A&FZD4_LRP6,-0.499118909239769
498759,TNFa,WNT9A&FZD4_LRP6,-0.7130777686834335
499196,WNT,WNT1&FZD4_LRP6,-0.356040395796299
499980,WNT,WNT4&FZD4_LRP6,-0.5556482076644897
500026,Estrogen,WNT7B&FZD4_LRP6,-1.8288081288337708
500176,WNT,WNT7B&FZD4_LRP6,-0.5020879805088043
500222,Estrogen,WNT2B&FZD4_LRP6,-1.2660562992095947
500327,TNFa,WNT2B&FZD4_LRP6,-0.9334796667098999
501352,WNT,WNT6&FZD4_LRP6,-0.4317476153373718
501428,JAK-STAT,WNT10B&FZD10_LRP6,-0.5556844025850296
501624,JAK-STAT,WNT7A&FZD10_LRP6,-0.5529021620750427
503162,Estrogen,WNT7B&FZD10_LRP6,-1.4176170527935028
503358,Estrogen,WNT2B&FZD10_LRP6,-0.8548652231693268
503976,JAK-STAT,WNT8A&FZD10_LRP6,-0.5234037190675735
504760,JAK-STAT,WNT10B&FZD1_LRP6,-0.5495009571313858
504956,JAK-STAT,WNT7A&FZD1_LRP6,-0.5467187166213989
505227,TNFa,WNT9A&FZD1_LRP6,-0.7245209962129593
506795,TNFa,WNT2B&FZD1_LRP6,-0.9449228942394257
507308,JAK-STAT,WNT8A&FZD1_LRP6,-0.5172202736139297
508092,JAK-STAT,WNT7A&RECK,-0.313529372215271
508439,EGFR,WNT7A&LDLR,1.349011868238449
508499,MAPK,WNT7A&LDLR,1.8620065748691559
508604,WNT,WNT7A&LDLR,-0.9995136111974716
509072,JAK-STAT,APOA1&LDLR,0.7665868103504181
509388,WNT,APOE&LDLR,-0.9809336960315704
509419,EGFR,APOA2&LDLR,1.072830706834793
509479,MAPK,APOA2&LDLR,1.7282117009162903
510368,WNT,TF&LDLR,-1.2303719818592072
510384,Androgen,APOB&LDLR,1.0433752834796906
510580,Androgen,APOA4&LDLR,1.0658785477280617
511544,WNT,ARPC5&LDLR,-0.9478632807731628
511575,EGFR,ACTR2&LDLR,1.1326914131641388
511771,EGFR,HSPA8&LDLR,2.5386525988578796
512434,NFkB,CXCL11&ACKR3,8.867640793323517
512479,TNFa,CXCL11&ACKR3,7.188975095748901
512781,Hypoxia,MIF&ACKR3,3.799714744091034
512977,Hypoxia,ADM&ACKR3,9.83068984746933
513022,NFkB,ADM&ACKR3,3.507251799106598
513248,TGFb,CXCL12&ACKR3,1.9217482209205627
513369,Hypoxia,TFF3&ACKR3,1.8724230527877808
513866,Trail,CCL16&CCR5,0.48585963249206543
514665,VEGF,CCL2&CCR5,3.322314202785492
515253,VEGF,CCL11&CCR5,1.2837837934494019
515645,VEGF,CCL7&CCR5,1.7327103018760681
516022,Trail,CCL13&CCR5,0.4615136981010437
516233,VEGF,CCL26&CCR5,1.5404133200645447
516761,PI3K,CCL16&ACKR1,-0.7431735992431641
516806,Trail,CCL16&ACKR1,0.4028688371181488
517198,Trail,PPBP&ACKR1,0.5819357633590698
517424,WNT,PF4&ACKR1,0.4129759222269058
518570,Trail,CXCL2&ACKR1,1.1279928088188171
519188,WNT,CXCL5&ACKR1,0.7938492596149445
520168,WNT,CXCL6&ACKR1,0.9090855419635773
520380,Androgen,CCL17&ACKR1,0.3171863853931427
520485,PI3K,CCL17&ACKR1,-0.7693293392658234
520530,Trail,CCL17&ACKR1,0.6522600054740906
520560,WNT,CCL17&ACKR1,0.3889998495578766
520726,Trail,CCL13&ACKR1,0.3785229027271271
521917,VEGF,ANGPT2&TIE1,0.6379791796207428
522068,TGFb,ANGPT1&TIE1,-0.8882858157157898
522159,EGFR,ANGPTL4&TIE1,1.7969749718904495
522219,MAPK,ANGPTL4&TIE1,1.5369660407304764
522716,WNT,ANGPT4&TIE1,0.3440428823232651
522732,Androgen,ANGPT2&TEK,1.5447820127010345
523516,Androgen,PROC&TEK,0.7799014747142792
523892,WNT,NPFF&NPFFR1,0.29796162992715836
524661,VEGF,NPY&NPFFR2,0.7430115640163422
525656,WNT,NTF3&NTRK1,1.2801510840654373
525867,p53,GRN&NTRK1,2.239726334810257
526048,WNT,CCN2&NTRK1,1.1615060120821
526440,WNT,AIMP1&NTRK1,0.42137302458286285
526651,p53,KLK3&NTRK1,0.7785149812698364
526802,Trail,CCL25&CCR9,0.5689578950405121
526998,Trail,CCL13&CCR9,0.4480278491973877
527692,JAK-STAT,CCL2&CCR1,2.1039209961891174
527797,VEGF,CCL2&CCR1,3.481847643852234
528280,JAK-STAT,CCL18&CCR1,1.0966843962669373
528476,JAK-STAT,CCL8&CCR1,3.52629953622818
528672,JAK-STAT,CCL7&CCR1,1.1451122164726257
528777,VEGF,CCL7&CCR1,1.89224374294281
528868,JAK-STAT,CCL13&CCR1,0.7855473011732101
529169,VEGF,CCL26&CCR1,1.6999467611312866
529456,JAK-STAT,SPP1&CCR8,0.8084355294704437
530044,JAK-STAT,CCL18&CCR8,0.8279155194759369
531084,TGFb,FGF1&FGFRL1,1.1154125928878784
531476,TGFb,FGF2&FGFRL1,1.5320250988006592
531823,MAPK,FGF8&FGFRL1,1.2249257862567902
532562,Estrogen,FGF17&FGFR4,-0.4645342379808426
532712,WNT,FGF17&FGFR4,0.18920233845710754
532908,WNT,FGF18&FGFR4,0.42017465084791183
533074,Trail,FGF19&FGFR4,0.5585653185844421
533300,WNT,FGF1&FGFR4,0.5567687377333641
533466,Trail,FGF4&FGFR4,0.30099794268608093
533496,WNT,FGF4&FGFR4,0.36664199084043503
533662,Trail,FGF2&FGFR4,0.6068212389945984
533692,WNT,FGF2&FGFR4,0.3187858536839485
534552,JAK-STAT,FGF9&FGFR4,-0.32739177346229553
535426,Trail,FGF20&FGFR4,0.32713766396045685
535652,WNT,FGF21&FGFR4,0.27396609634160995
536044,WNT,FGF17&FGFR3,0.33223792165517807
536090,Estrogen,FGF18&FGFR3,1.432850569486618
536180,TGFb,FGF18&FGFR3,1.0397096276283264
536240,WNT,FGF18&FGFR3,0.5632102340459824
536572,TGFb,FGF1&FGFR3,1.1774086356163025
536632,WNT,FGF1&FGFR3,0.6998043209314346
536828,WNT,FGF4&FGFR3,0.5096775740385056
536964,TGFb,FGF2&FGFR3,1.5940211415290833
537024,WNT,FGF2&FGFR3,0.46182143688201904
537854,Estrogen,FGF9&FGFR3,1.3283413648605347
538231,EGFR,FGF13&FGFR3,-1.1213868856430054
538442,Estrogen,FGF23&FGFR3,1.14127516746521
538984,WNT,FGF21&FGFR3,0.4170016795396805
541939,p53,HCRT&HCRTR1,0.6370331048965454
542120,WNT,HCRT&HCRTR2,0.24919972568750381
542874,Trail,CD5L&CD5,0.5786718726158142
543070,Trail,CD72&CD5,1.0335144996643066
543206,NFkB,CXCL13&CXCR5,1.0865235924720764
543236,TGFb,CXCL13&CXCR5,0.7797148376703262
543538,Estrogen,POMC&OPRD1,-0.4953058212995529
543703,p53,POMC&OPRD1,0.6165097951889038
546674,Estrogen,BMP15&BMPR1A,0.8842190057039261
547156,TGFb,BMP1&BMPR1A,0.9490168988704681
547624,Androgen,PSPN&GFRA2,0.36897215247154236
547654,Estrogen,PSPN&GFRA2,-0.3646295368671417
547804,WNT,PSPN&GFRA2,0.8310448080301285
548558,Trail,NRTN&GFRA3,0.7708624601364136
549116,TGFb,OLFM2&ROBO2,1.3115079998970032
550202,Estrogen,DKK1&KREMEN2,-2.411968916654587
550518,Trail,DKK4&KREMEN2,0.4679744243621826
551031,MAPK,DKK3&KREMEN1,-0.9969452023506165
555901,Hypoxia,BMP1&BMPR2,0.94754958152771
555931,MAPK,BMP1&BMPR2,-0.7872187197208405
555976,TGFb,BMP1&BMPR2,2.49687597155571
556368,TGFb,GDF10&BMPR2,2.1896870881319046
556896,JAK-STAT,C4BPA&BMPR2,0.47853559255599976
557077,Hypoxia,GDF11&ANTXR1,-0.6739697754383087
557228,Androgen,WNT5A&ANTXR1,-1.0176598131656647
557650,Estrogen,BMP15&ACTR2,0.48274269700050354
557831,EGFR,INHBA&ACTR2,1.6805363595485687
557936,TGFb,INHBA&ACTR2,2.408929616212845
558012,Androgen,BMP2&ACTR2,-1.212239146232605
558976,WNT,BMP10&ACVRL1_BMPR2,0.3723917827010155
559579,p53,GAST&GPR152,1.4694166779518127
560786,Estrogen,GPC3&UNC5C,-0.8372072726488113
561313,VEGF,ENTPD1&ADORA2B,1.8809319734573364
561419,MAPK,ADO&ADORA2B,1.9774468839168549
561509,VEGF,ADO&ADORA2B,1.4285194873809814
563439,TNFa,NTN1&DSCAM,0.5998373627662659
565067,p53,LGI1&ADAM23,1.3111203610897064
565068,Androgen,LGI2&ADAM23,-0.48645345866680145
565852,Androgen,LGI2&ADAM22,-0.751607283949852
565882,Estrogen,LGI2&ADAM22,-0.5804585367441177
566635,p53,BMP15&TGFBR1,1.678819715976715
566666,Estrogen,BMP8A&TGFBR1,-0.680902823805809
566801,VEGF,BMP8A&TGFBR1,0.6467251181602478
566816,WNT,BMP8A&TGFBR1,-0.7175299152731895
566831,p53,BMP8A&TGFBR1,1.6082541048526764
567193,VEGF,CGN&TGFBR1,1.1294966340065002
567404,WNT,WNT11&FZD9,0.6917035579681396
567812,Androgen,WNT5A&FZD6,-1.1463917791843414
567902,NFkB,WNT5A&FZD6,2.3918802738189697
567947,TNFa,WNT5A&FZD6,2.5956951379776
568008,Androgen,SFRP1&FZD6,-1.2051153779029846
568294,NFkB,CTHRC1&FZD6,3.519019603729248
568339,TNFa,CTHRC1&FZD6,5.62516975402832
568520,TGFb,WNT11&FZD7,2.1627200543880463
568580,WNT,WNT11&FZD7,1.1666737496852875
568596,Androgen,WNT5A&FZD7,-1.35512313246727
568792,Androgen,MYOC&FZD7,-1.1069389879703522
568822,Estrogen,MYOC&FZD7,3.6980528086423874
569018,Estrogen,WNT11&FZD5,-0.8512582182884216
569440,JAK-STAT,SFRP2&FZD5,1.0018557459115982
569802,Estrogen,WNT11&FZD2,-1.5757755041122437
569847,MAPK,WNT11&FZD2,-1.385307103395462
569952,WNT,WNT11&FZD2,0.764337807893753
569968,Androgen,WNT5A&FZD2,-0.8174658417701721
570164,Androgen,SFRP1&FZD2,-0.8761894404888153
570284,TGFb,SFRP1&FZD2,-1.8498671054840088
570480,TGFb,WNT11&FZD8,1.1483632624149323
571536,Androgen,WNT5A&FZD3,-1.9779725968837738
571732,Androgen,MYOC&FZD3,-1.729788452386856
572154,Estrogen,WNT11&FZD4,-1.5280603170394897
572546,Estrogen,NDP&FZD4,-1.5892988443374634
572832,TGFb,MYOC&FZD4,-0.641351729631424
572862,Trail,MYOC&FZD4,0.7782047986984253
573134,Estrogen,WNT11&FZD10,-0.7056781351566315
573284,WNT,WNT11&FZD10,0.6670650243759155
573646,Trail,MYOC&FZD10,0.7854167222976685
575064,Androgen,AGT&MAS1,-0.5019637793302536
575848,Androgen,KNG1&BDKRB1,-0.8751117363572121
575968,TGFb,KNG1&BDKRB1,-0.6287497282028198
575998,Trail,KNG1&BDKRB1,1.247314527630806
576752,TGFb,GNAI2&S1PR1,-0.5209611058235168
576948,TGFb,PDGFB&ADGRV1,0.6968483775854111
577280,JAK-STAT,IFNE&ADGRV1,-0.41629648208618164
577340,TGFb,IFNE&ADGRV1,0.8194656819105148
577476,JAK-STAT,GPHA2&ADGRV1,-0.2371729463338852
578184,WNT,AVP&ADRB2,1.3602242171764374
578200,Androgen,POMC&ADRB2,1.5791591703891754
578395,p53,POMC&ADRB2,2.339543491601944
578576,WNT,CGA&ADRB2,1.2009224593639374
578772,WNT,TSHB&ADRB2,1.169021412730217
578787,p53,TSHB&ADRB2,2.404161185026169
579164,WNT,CALCA&ADRB2,1.1112871244549751
579768,Androgen,GHRH&ADRB2,1.680134430527687
579948,WNT,GHRH&ADRB2,1.1513884961605072
579964,Androgen,NPY&ADRB2,1.58761927485466
580748,Androgen,APOB&ADRB2,1.5460539758205414
581139,p53,CRH&ADRB2,2.2709126621484756
581336,Androgen,SCT&ADRB2,1.7935722470283508
581712,WNT,CALCB&ADRB2,1.2178828567266464
581923,p53,IAPP&ADRB2,2.363631099462509
582120,Androgen,ADCYAP1&ADRB2,1.5597562193870544
583295,p53,RLN3&ADRB2,2.3621811866760254
584426,Trail,CGA&FSHR,0.4346241056919098
584743,MAPK,EGF&PLD2,-0.6571137011051178
585497,Hypoxia,TGFB1&CXCR4,3.9860823154449463
585889,Hypoxia,TFF2&CXCR4,3.8368383944034576
586024,WNT,TFF2&CXCR4,1.2413234114646912
586085,Hypoxia,TFF3&CXCR4,4.416793048381805
586220,WNT,TFF3&CXCR4,1.1250199526548386
586869,Hypoxia,TGFB1&LPP,0.9461249113082886
587140,TGFb,NGF&SORCS2,1.3714085221290588
587819,EGFR,GRN&SORT1,-1.7245888113975525
587834,Estrogen,GRN&SORT1,-2.0196748673915863
587879,MAPK,GRN&SORT1,-2.2928608655929565
587909,PI3K,GRN&SORT1,-4.848790526390076
588211,EGFR,PSAP&SORT1,-1.6248345971107483
588226,Estrogen,PSAP&SORT1,-1.6858645379543304
588271,MAPK,PSAP&SORT1,-2.130292773246765
588301,PI3K,PSAP&SORT1,-2.607540488243103
588422,Estrogen,LRPAP1&SORT1,-0.7275978922843933
588482,NFkB,LRPAP1&SORT1,-1.0854171812534332
588497,PI3K,LRPAP1&SORT1,-1.9406713843345642
588527,TNFa,LRPAP1&SORT1,-0.8099724650382996
588784,Androgen,NGF&BEX3,-0.5598752349615097
588980,Androgen,BDNF&BEX3,-0.7599225342273712
589025,Hypoxia,BDNF&BEX3,-1.453755497932434
589040,JAK-STAT,BDNF&BEX3,-0.5300278067588806
589387,EGFR,NPPA&NPR1,0.4534919708967209
589748,WNT,NPPB&NPR1,0.5610878318548203
590186,Estrogen,VIP&NPR3,1.0844368040561676
590276,TGFb,VIP&NPR3,0.6953807771205902
590472,TGFb,NPPB&NPR3,1.7264984250068665
591332,Androgen,NPPC&NPR2,2.1503259986639023
591362,Estrogen,NPPC&NPR2,-0.5458405911922455
591497,VEGF,NPPC&NPR2,-1.047087848186493
591618,NFkB,OXT&AVPR2,0.4111862778663635
591663,TNFa,OXT&AVPR2,0.4270840287208557
591693,VEGF,OXT&AVPR2,-0.48539894819259644
591844,TGFb,AVP&AVPR2,-0.2515602111816406
592010,NFkB,C1QTNF1&AVPR2,2.1131693720817566
592040,TGFb,C1QTNF1&AVPR2,-0.9609750658273697
592055,TNFa,C1QTNF1&AVPR2,3.070467010140419
592281,VEGF,GNAS&AVPR2,-0.4792313277721405
592794,NFkB,OXT&AVPR1A,0.33105506002902985
593472,WNT,CXCL12&AVPR1A,-0.8129884600639343
593578,NFkB,OXT&AVPR1B,0.4777258038520813
593623,TNFa,OXT&AVPR1B,0.5128595381975174
594060,WNT,AVP&RAMP2,0.45599132031202316
594452,WNT,CGA&RAMP2,0.29668956249952316
594648,WNT,TSHB&RAMP2,0.26478851586580276
595628,WNT,GHRH&RAMP2,0.247155599296093
596608,WNT,CALCB&RAMP2,0.3136499598622322
598418,Estrogen,TSHB&RAMP3,1.0093807876110077
598810,Estrogen,PTH&RAMP3,0.9935196936130524
599202,Estrogen,VIP&RAMP3,1.0781934559345245
599383,EGFR,GHRH&RAMP3,0.4851549416780472
599594,Estrogen,RLN2&RAMP3,4.198773443698883
599971,EGFR,GIP&RAMP3,0.4490824192762375
600167,EGFR,SCT&RAMP3,0.7532524019479752
600378,Estrogen,CALCB&RAMP3,1.1619458198547363
600755,EGFR,PTHLH&RAMP3,2.0142046362161636
601222,NFkB,ADM&RAMP3,2.769950732588768
601418,NFkB,INSL3&RAMP3,0.3670859932899475
602111,p53,POMC&ADRB3,0.5271252244710922
602262,Trail,CGA&ADRB3,0.47619014978408813
602458,Trail,TSHB&ADRB3,0.5097294896841049
602503,p53,TSHB&ADRB3,0.5917429178953171
602850,Trail,CALCA&ADRB3,0.3481750339269638
603242,Trail,GCG&ADRB3,0.41362594068050385
604071,p53,CRH&ADRB3,0.4584943950176239
604855,p53,IAPP&ADRB3,0.5512128323316574
605202,Trail,ADCYAP1&ADRB3,0.47887273132801056
605594,Trail,INSL3&ADRB3,0.6023456901311874
605790,Trail,RLN3&ADRB3,0.494871124625206
605835,p53,RLN3&ADRB3,0.5497629195451736
606062,Estrogen,AVP&VIPR1,-1.3712783455848694
606152,TGFb,AVP&VIPR1,-1.0556076616048813
606258,Estrogen,POMC&VIPR1,-1.42832513153553
606454,Estrogen,CGA&VIPR1,-1.3802340924739838
606574,Trail,CGA&VIPR1,0.6793772727251053
606770,Trail,TSHB&VIPR1,0.7129166126251221
607042,Estrogen,CALCA&VIPR1,-1.316738411784172
607162,Trail,CALCA&VIPR1,0.551362156867981
607268,JAK-STAT,PTH&VIPR1,-0.6050875186920166
607328,TGFb,PTH&VIPR1,-1.2742039263248444
607554,Trail,GCG&VIPR1,0.616813063621521
608127,TNFa,RLN2&VIPR1,-0.8993114829063416
608414,Estrogen,GIP&VIPR1,-1.3548130244016647
608610,Estrogen,SCT&VIPR1,-1.4939182698726654
608700,TGFb,SCT&VIPR1,-1.214903086423874
608836,JAK-STAT,CALCB&VIPR1,-0.6185453087091446
609394,Estrogen,ADCYAP1&VIPR1,-1.351728543639183
609514,Trail,ADCYAP1&VIPR1,0.6820598542690277
609680,TGFb,ADM&VIPR1,-3.5503585934638977
609786,Estrogen,INSL3&VIPR1,-1.4172991961240768
609906,Trail,INSL3&VIPR1,0.8055328130722046
610102,Trail,RLN3&VIPR1,0.6980582475662231
610178,Estrogen,GNAS&VIPR1,-1.4598751366138458
610283,TNFa,GNAS&VIPR1,-0.6567979156970978
610720,WNT,AVP&ADCYAP1R1,0.5337061285972595
610931,p53,POMC&ADCYAP1R1,1.0395202338695526
611112,WNT,CGA&ADCYAP1R1,0.3744043707847595
611308,WNT,TSHB&ADCYAP1R1,0.3425033241510391
611323,p53,TSHB&ADCYAP1R1,1.1041379272937775
611535,EGFR,CALCA&ADCYAP1R1,0.32831118255853653
611700,WNT,CALCA&ADCYAP1R1,0.28476903587579727
612319,EGFR,GHRH&ADCYAP1R1,0.48908910155296326
612484,WNT,GHRH&ADCYAP1R1,0.32487040758132935
612891,p53,CRH&ADCYAP1R1,0.9708894044160843
612907,EGFR,GIP&ADCYAP1R1,0.45301657915115356
613103,EGFR,SCT&ADCYAP1R1,0.7571865618228912
613464,WNT,CALCB&ADCYAP1R1,0.39136476814746857
613675,p53,IAPP&ADCYAP1R1,1.0636078417301178
613691,EGFR,PTHLH&ADCYAP1R1,2.0181387960910797
614655,p53,RLN3&ADCYAP1R1,1.062157928943634
615289,Hypoxia,CGA&PTH1R,0.5983583331108093
615847,EGFR,CALCA&PTH1R,0.33606869727373123
616540,TGFb,VIP&PTH1R,0.3365603983402252
616631,EGFR,GHRH&PTH1R,0.49684661626815796
617219,EGFR,GIP&PTH1R,0.46077409386634827
617249,Hypoxia,GIP&PTH1R,0.5379296094179153
617415,EGFR,SCT&PTH1R,0.7649440765380859
618003,EGFR,PTHLH&PTH1R,2.0258963108062744
618108,TGFb,PTHLH&PTH1R,1.3641911745071411
618425,Hypoxia,ADM&PTH1R,9.21081405878067
619329,VEGF,POMC&GPR20,-0.5844320356845856
619721,VEGF,TSHB&GPR20,-0.5638586580753326
620309,VEGF,PTH&GPR20,-0.6940081119537354
621093,VEGF,RLN2&GPR20,-1.5016787946224213
626702,NFkB,ADM&GPR84,5.392048358917236
626898,NFkB,INSL3&GPR84,2.989183619618416
627365,VEGF,POMC&OPRM1,-0.5313378125429153
627546,Trail,PDYN&OPRM1,0.39027121663093567
627561,VEGF,PDYN&OPRM1,-0.41347332298755646
628541,VEGF,POMC&OPRL1,-0.5498479306697845
628737,VEGF,PDYN&OPRL1,-0.43198344111442566
628933,VEGF,PNOC&OPRL1,-0.5649389028549194
631346,Estrogen,IMPG2&PRLR,0.6692211776971817
632069,VEGF,CSHL1&GHR,-1.4678805321455002
632522,Estrogen,CALCB&CALCR,3.020570695400238
633110,Estrogen,MBL2&CALCR,2.9415625780820847
633622,Trail,CALCA&DCLK3,0.26695816218852997
633758,NFkB,ADM&DCLK3,2.80358450114727
634361,PI3K,PTHLH&PTH2R,2.1701596677303314
634557,PI3K,CALM1&PTH2R,2.7524203956127167
636231,EGFR,GIP&GIPR,0.42196163535118103
636261,Hypoxia,GIP&GIPR,0.5293693989515305
636412,Androgen,GCG&FAP,-1.487812876701355
637512,TGFb,NPPB&FAP,2.5664379596710205
638100,TGFb,VIP&RAMP1,0.9832556545734406
639186,Estrogen,SCT&VIPR2,-0.613765686750412
639382,Estrogen,ADCYAP1&VIPR2,-0.4715759605169296
639502,Trail,ADCYAP1&VIPR2,0.5825459957122803
639548,Androgen,VEGFC&VIPR2,-0.48488134145736694
639578,Estrogen,VEGFC&VIPR2,-1.9698654413223267
639940,Androgen,SCT&SCTR,0.5008336007595062
640136,Androgen,ADCYAP1&SCTR,0.26701757311820984
640286,Trail,ADCYAP1&SCTR,0.35429782420396805
640754,Estrogen,VIP&ADRB1,0.5318061709403992
640920,Androgen,NPY&ADRB1,0.6714477241039276
640950,Estrogen,NPY&ADRB1,0.4478244334459305
641734,Estrogen,NPY&NPY1R,5.486952766776085
641930,Estrogen,PYY&NPY1R,5.509096443653107
642156,JAK-STAT,PPY&NPY2R,-0.31981833279132843
642442,Trail,NPY&NPY2R,0.9293045103549957
642578,NFkB,PYY&NPY2R,0.3577529340982437
642638,Trail,PYY&NPY2R,0.27438458800315857
642910,Estrogen,NPY&NPY5R,1.0371206253767014
643106,Estrogen,PYY&NPY5R,1.0592643022537231
643256,WNT,PYY&NPY5R,-0.7141699492931366
643332,JAK-STAT,PPY&NPY6R,-0.33040520548820496
643498,Estrogen,NPY&NPY6R,0.39966505765914917
643618,Trail,NPY&NPY6R,0.9932130873203278
643694,Estrogen,PYY&NPY6R,0.42180873453617096
643814,Trail,PYY&NPY6R,0.3382931649684906
643920,JAK-STAT,PPY&GPR83,-0.42597393691539764
644598,Trail,NPY&PRLHR,1.0303315669298172
645216,WNT,GAST&CCKBR,0.24144157767295837
645412,WNT,CCK&CCKBR,0.3580341637134552
646046,Estrogen,IFNA21&IFNAR1_IFNAR2,0.8995524048805237
646242,Estrogen,IFNA5&IFNAR1_IFNAR2,0.778196707367897
646890,NFkB,IFNB1&IFNAR1_IFNAR2,2.987006187438965
647327,TNFa,IFNA6&IFNAR1_IFNAR2,2.9320958256721497
647614,Estrogen,IFNA8&IFNAR1_IFNAR2,0.746505856513977
648066,NFkB,IFNK&IFNAR1_IFNAR2,1.7215666770935059
648111,TNFa,IFNK&IFNAR1_IFNAR2,2.5922612845897675
648398,Estrogen,C3&CR2,1.1949462294578552
648850,NFkB,IFNG&IFNGR1_IFNGR2,2.503989577293396
649152,Androgen,CALR&MPL,0.5638973191380501
649543,p53,THPO&MPL,0.6759025752544403
651006,NFkB,APOA1&ABCA1,0.8956565856933594
651292,WNT,APOE&ABCA1,-0.5455452799797058
651307,p53,APOE&ABCA1,2.3191957473754883
651699,p53,PLTP&ABCA1,5.21756649017334
652288,Androgen,MDK&SORL1,-1.1646233797073364
652318,Estrogen,MDK&SORL1,-2.28499299287796
652514,Estrogen,CLCF1&SORL1,-2.064503490924835
652710,Estrogen,LRPAP1&SORL1,-1.7472343146800995
652770,NFkB,LRPAP1&SORL1,-1.167644053697586
652815,TNFa,LRPAP1&SORL1,-0.9274617433547974
653418,Trail,SLURP1&CHRNA4,0.4693464934825897
656192,WNT,CXCL5&CXCR2,0.6929862350225449
656388,WNT,CXCL6&CXCR2,0.8082225173711777
657082,NFkB,HMGB1&THBD,-1.4182840585708618
657474,NFkB,PROC&THBD,-1.169808715581894
657956,WNT,PROC&PROCR,-0.788222074508667
658273,PI3K,RGMA&TFR2,-1.2941834330558777
658680,TGFb,RGMA&HFE,-0.6301208883523941
659298,Trail,INSL3&RXFP2,0.8152608275413513
659494,Trail,RLN3&RXFP2,0.7077862620353699
660881,VEGF,RLN2&RXFP3,-1.4308784008026123
661077,VEGF,RLN1&RXFP3,-0.6188608407974243
661138,Estrogen,INSL3&RXFP3,-0.39548633992671967
661500,Androgen,INSL5&RXFP3,-0.8165096268057823
662766,NFkB,CSF2&IL3RA,3.3237769305706024
662811,TNFa,CSF2&IL3RA,4.418577626347542
663475,EGFR,TFF1&MUC5AC,0.9394886195659637
663535,MAPK,TFF1&MUC5AC,0.7826690375804901
664093,Hypoxia,WNT3&RYK,-0.7690976858139038
664168,TGFb,WNT3&RYK,0.6025592982769012
664500,JAK-STAT,WIF1&RYK,-0.4753192067146301
664590,Trail,WIF1&RYK,-0.601824626326561
664801,VEGF,IGF1&INSR,-1.2010982036590576
664862,Estrogen,GIP&INSR,-0.5362301021814346
664877,Hypoxia,GIP&INSR,0.7893155366182327
665465,Hypoxia,AHSG&INSR,0.7691013067960739
665525,PI3K,AHSG&INSR,-1.582543134689331
665646,Estrogen,NAMPT&INSR,-1.197782725095749
665661,Hypoxia,NAMPT&INSR,2.303945243358612
666173,VEGF,CALM3&INSR,-1.2935053706169128
667244,JAK-STAT,S100A9&CD68,1.9058614373207092
667560,WNT,S100A8&CD69,-0.8500589430332184
667711,TNFa,LGALS1&CD69,2.3205044269561768
669038,NFkB,IL13&IL13RA2_IL4R,1.6368174105882645
669083,TNFa,IL13&IL13RA2_IL4R,2.1800603568553925
669324,WNT,IL4&IL21R,0.3152076527476311
669626,NFkB,IL6&F3,12.806308627128601
669732,Androgen,TFPI&F3,1.6671448945999146
670124,Androgen,F7&F3,0.9013386815786362
670139,EGFR,F7&F3,2.353611335158348
670410,NFkB,IL6&HRH1,11.881108283996582
670455,TNFa,IL6&HRH1,11.011368751525879
670681,VEGF,HDC&HRH1,0.9615812599658966
670892,WNT,EDN1&EDNRA,1.9035791158676147
671088,WNT,EDN3&EDNRA,0.5286620855331421
671104,Androgen,EDN2&EDNRA,-0.9643600881099701
671586,NFkB,EDN1&ADGRL4,3.5242130160331726
671631,TNFa,EDN1&ADGRL4,4.461089313030243
671872,WNT,EDN1&KEL,1.735880896449089
672068,WNT,EDN3&KEL,0.3609638661146164
672084,Androgen,EDN2&KEL,-0.6483052372932434
672867,p53,CRH&CRHR1,0.5956187397241592
673063,p53,UCN&CRHR1,1.3297297954559326
673259,p53,UCN2&CRHR1,1.5449217557907104
673425,VEGF,GNAS&CRHR1,-0.46508263051509857
673847,p53,CRH&CRHR2,0.45504607260227203
674028,WNT,UCN&CRHR2,0.3015740215778351
674043,p53,UCN&CRHR2,1.1891571283340454
674239,p53,UCN2&CRHR2,1.4043490886688232
674405,VEGF,PRSS2&F2RL2,1.035980224609375
674797,VEGF,PRSS3&F2RL2,1.2040555477142334
675023,p53,F2&F2RL2,1.1603837609291077
675838,Estrogen,F2&F2R,-0.8380744755268097
675958,Trail,F2&F2R,0.7124065458774567
676622,Estrogen,F2&F2RL1,-0.9857499897480011
676772,WNT,F2&F2RL1,0.7924467995762825
676803,EGFR,TPSAB1&F2RL1,1.9805060774087906
677541,VEGF,GZMA&PARD3,-0.7559023499488831
677692,TGFb,PRSS3&PARD3,-0.7852447628974915
678144,WNT,GZMA&F2RL3,-0.434851810336113
678386,Estrogen,F2&F2RL3,-0.3233697712421417
678506,Trail,F2&F2RL3,0.4313402399420738
679064,TGFb,GRP&GRPR,-0.5016501545906067
679818,NFkB,INHBA&BAMBI,7.759957790374756
679848,TGFb,INHBA&BAMBI,4.082865476608276
679863,TNFa,INHBA&BAMBI,9.351418614387512
680044,TGFb,LPA&LPAR4,-0.7757580727338791
680240,TGFb,LIPH&LPAR4,-1.0115647912025452
681220,TGFb,LPA&LPAR1,-1.871034786105156
681416,TGFb,LIPH&LPAR1,-2.106841504573822
681688,Androgen,FGF2&GPC4,-0.6762825548648834
681884,Androgen,COL18A1&GPC4,-0.6353335380554199
682396,TGFb,APLN&APLNR,-0.6399413794279099
682984,TGFb,ADM&CALCRL,-3.127670705318451
683648,Androgen,BMP2&SMO,-0.8923883736133575
683768,TGFb,BMP2&SMO,-1.12649105489254
683844,Androgen,WNT4&SMO,-0.4755489230155945
683919,MAPK,WNT4&SMO,-0.7830316126346588
685140,TGFb,BMP6&HJV,1.0130121409893036
685788,WNT,BMP4&GREM2,3.183390811085701
686286,NFkB,IL7&IL2RG_IL7R,3.1789599657058716
687070,NFkB,CCL5&CCRL2,8.885555982589722
687266,NFkB,CCL19&CCRL2,3.6986597776412964
687854,NFkB,OSM&IL6ST_OSMR,1.7209301590919495
688774,Estrogen,SPINT1&ST14,-2.0034417510032654
688924,WNT,SPINT1&ST14,0.8186151683330536
688970,Estrogen,VEGFA&RET,6.4919960498809814
689920,Androgen,PROS1&TYRO3,-0.6716194599866867
690055,TNFa,PROS1&TYRO3,-1.0413461327552795
690206,NFkB,VEGFA&GRIN2B,1.4641748368740082
690251,TNFa,VEGFA&GRIN2B,1.1750813275575638
690734,Estrogen,BMP7&ACVR1_BMPR2,-2.605122685432434
691216,TGFb,BMP6&ACVR1_BMPR2,2.2203953862190247
691518,Estrogen,BMP8A&ACVR1_BMPR2,-1.4307139664888382
692814,Trail,TAC3&TACR2,0.5337909013032913
692859,p53,TAC3&TACR2,0.7143054604530334
693236,WNT,TAC3&TACR1,-0.5359468013048172
693327,MAPK,TAC1&TACR3,0.8860570043325424
693478,Estrogen,TAC3&TACR3,0.5650912970304489
694458,Estrogen,PMCH&MCHR1,0.7149801254272461
696704,TGFb,PTN&CDH10,-1.2655185461044312
696780,Androgen,MDK&TSPAN1,-0.571358323097229
696810,Estrogen,MDK&TSPAN1,-2.0664584040641785
697850,NFkB,IL10&CD70,2.5826327800750732
698016,JAK-STAT,IL10&IFNLR1,1.1238302290439606
698182,Estrogen,FGFR4&PTPRR,-0.7215079665184021
699116,WNT,GAL&GALR3,0.41638316214084625
699539,EGFR,GAL&GALR1,1.2525632083415985
699704,WNT,GAL&GALR1,0.37244704365730286
699735,EGFR,GALP&GALR1,0.5387841165065765
700096,WNT,BDNF&DRD4,0.38921403139829636
700850,Trail,CFP&NCR1,0.5486616939306259
701242,Trail,NTS&NTSR1,0.7243019342422485
701634,Trail,SFTPD&LY96,1.4509795904159546
702690,Estrogen,ARTN&GFRA1_RET,3.5988390743732452
703459,EGFR,WNT3A&ROR1,1.0081848502159119
703640,Androgen,WNT5A&PTK7,-0.8505204617977142
703956,TGFb,POSTN&PTK7,1.8788872957229614
705011,p53,NMS&NMUR2,1.0935786962509155
705569,VEGF,VEGFC&LYVE1,1.4564497768878937
705916,TGFb,ADAMTS3&CCBE1,-1.285410761833191
706022,Estrogen,COPA&MTNR1B,-0.48798756301403046
706610,Estrogen,COPA&P2RY6,-1.0137846767902374
706926,Trail,SLURP1&CHRNA3,0.5146643221378326
707258,NFkB,SLURP1&CHRNB2,0.3577415347099304
707318,Trail,SLURP1&CHRNB2,0.509921669960022
707499,TNFa,SLURP1&CHRNB4,0.3929865062236786
707514,Trail,SLURP1&CHRNB4,0.5096462070941925
707710,Trail,SLURP1&CHRNA9,0.8273283243179321
707816,JAK-STAT,SLURP1&CHRNA10,0.3709518313407898
707846,NFkB,SLURP1&CHRNA10,0.34494033455848694
707906,Trail,SLURP1&CHRNA10,0.5854582339525223
708494,Trail,RSPO1&LGR5,-0.683332622051239
708600,JAK-STAT,RSPO2&LGR5,-0.36483044922351837
708856,TGFb,RSPO3&LGR5,-1.3770113289356232
709520,Androgen,WNT7B&TMED5,1.9289370775222778
709866,Trail,PROK1&PROKR2,0.7369923740625381
709911,p53,PROK1&PROKR2,0.7577559947967529
711344,JAK-STAT,QRFP&P2RY14,0.5029780268669128
711932,JAK-STAT,CXCL9&FCGR2A,5.544829502701759
712444,WNT,LGALS3BP&CD33,0.679082840681076
712640,WNT,C1QB&CD33,0.5051903575658798
713575,TNFa,IL24&IL10RB,2.5177839398384094
714404,WNT,IL16&KCNJ4,0.2939548045396805
715852,JAK-STAT,IL37&IL18R1_IL18RAP,0.41143521666526794
717194,Estrogen,SHH&SCUBE2,1.878391057252884
717586,Estrogen,KISS1&MMP24,-0.7890294790267944
717736,WNT,KISS1&MMP24,0.8321695625782013
717887,TNFa,ADIPOQ&ADIPOR2,-1.103533536195755
718083,TNFa,ADIPOQ&ADIPOR1,-0.7295120060443878
718566,Estrogen,ECM1&ITGB4,-1.5587590038776398
718716,WNT,ECM1&ITGB4,-0.5039863139390945
718732,Androgen,GUCA2B&GUCY2C,0.3071856275200844
718792,JAK-STAT,GUCA2B&GUCY2C,-0.23780327290296555
718988,JAK-STAT,GUCA2B&GUCY2D,-0.2527916952967644
720254,Trail,RSPO1&LGR6,-0.556204229593277
720360,JAK-STAT,RSPO2&LGR6,-0.39345887303352356
721038,Trail,RSPO1&ZNRF3,-1.1972131729125977
721144,JAK-STAT,RSPO2&ZNRF3,-0.6515032202005386
721762,NFkB,RSPO1&RNF43,0.6663208603858948
721807,TNFa,RSPO1&RNF43,0.9979231953620911
722516,JAK-STAT,IGFL2&IGFLR1,0.6301791071891785
723239,p53,VSTM1&LAMP1,1.3801316022872925
723812,WNT,AMELY&LAMP1,0.23526953160762787
724189,VEGF,ALKAL2&LTK,-1.3423856794834137
724250,Estrogen,BMP8A&TGFBR2,-1.2563740760087967
724536,TGFb,GDF15&TGFBR2,-2.8641984462738037
724913,PI3K,LGI3&FLOT1,-2.1360257267951965
725607,EGFR,NPB&NPBWR1,0.7591011226177216
725787,p53,NPB&NPBWR1,0.9041762053966522
728818,NFkB,TSLP&CRLF2_IL7R_TSLP,4.2381356954574585
728893,VEGF,TSLP&CRLF2_IL7R_TSLP,2.168834388256073
729014,NFkB,CRLF2&CRLF2_IL7R_TSLP,3.2882251143455505
729089,VEGF,CRLF2&CRLF2_IL7R_TSLP,2.265373468399048
729210,NFkB,TSLP&CRLF2_IL7R,4.505671381950378
729285,VEGF,TSLP&CRLF2_IL7R,2.3502092957496643
729708,Androgen,HBEGF&CD82,-1.0835010409355164
729798,NFkB,HBEGF&CD82,3.311850905418396
729843,TNFa,HBEGF&CD82,4.24478554725647
730250,Trail,AMELY&CD63,0.7664389908313751
730446,Trail,AMBN&CD63,0.8453120589256287
730718,Estrogen,TIMP1&CD63,-1.9234699010849
730868,WNT,TIMP1&CD63,-0.6887753903865814
731396,TGFb,RARRES2&CMKLR1,0.89861661195755
731864,Androgen,ANGPTL4&CDH5,0.9124886989593506
732210,Trail,FGA&CDH5,0.4943315386772156
732240,WNT,FGA&CDH5,0.5009527951478958
733296,JAK-STAT,IL22&IL22_IL22RA1,0.9587488770484924
733974,Trail,IL22&IL20RA,0.42266708612442017
734170,Trail,IL25&IL17RA_IL17RB,0.4344244748353958
734231,EGFR,MMRN2&CLEC14A,0.47614188492298126
734366,Trail,MMRN2&CLEC14A,0.8625381290912628
734547,TNFa,MMRN2&CD248,-0.6488780379295349
734939,TNFa,RETN&GPR25,0.4207531809806824
735030,Estrogen,RETN&CAP1,-0.7418570816516876
735135,TNFa,RETN&CAP1,0.5969092100858688
736070,NFkB,IL36G&IFNAR1,5.383573740720749
736115,TNFa,IL36G&IFNAR1,7.450712978839874
736266,NFkB,MMP9&IFNAR1,4.633564680814743
736311,TNFa,MMP9&IFNAR1,7.032504379749298
736462,NFkB,IL36G&IFNAR2,7.254862308502197
736507,TNFa,IL36G&IFNAR2,10.50293779373169
736598,Estrogen,CLCF1&CRLF1,-1.0782032310962677
736884,TGFb,CNTF&CRLF1,2.634575828909874
738030,NFkB,GHRL&PTGIR,0.9465899169445038
738090,Trail,GHRL&PTGIR,0.5194876790046692
738633,PI3K,CLEC11A&ITGA10,-3.616626262664795
739040,TGFb,CLEC2B&KLRF1,-1.4117794185876846
739085,VEGF,CLEC2B&KLRF1,0.9916666448116302
739176,JAK-STAT,CXCL16&CXCR6,0.8751629590988159
739402,NFkB,C3&C3AR1,5.601680278778076
739447,TNFa,C3&C3AR1,5.694784581661224
739568,JAK-STAT,C4A&C3AR1,1.486405372619629
739734,Estrogen,C3&CD19,1.0540427565574646
739930,Estrogen,C3&C5AR2,3.2558354139328003
740126,Estrogen,C5&C5AR2,3.1984917521476746
740246,Trail,C5&C5AR2,-0.6791959553956985
740412,TGFb,C4A&C5AR2,1.3922476768493652
740668,WNT,C3&ITGAX,0.6851019710302353
740834,Trail,FGA&ITGAX,0.5232814848423004
740864,WNT,FGA&ITGAX,0.35877659916877747
740970,NFkB,C3&IFITM1,6.4594573974609375
742553,PI3K,GNAS&ADCY1,-1.028775542974472
742764,TGFb,GNAI2&ADORA1,-0.4375326335430145
743005,VEGF,GNAS&ADORA1,-0.6990149319171906
743262,Estrogen,ADO&ADORA1,2.768988162279129
743307,MAPK,ADO&ADORA1,0.8098705112934113
744528,TGFb,GNAI2&S1PR3,-0.8971160054206848
745282,NFkB,GNAS&ADCY7,-0.6122336238622665
745810,Estrogen,GNAS&ADCY8,-0.7134169340133667
746247,MAPK,GNAI2&ADCY9,-0.7195267379283905
746458,NFkB,GNAS&ADCY9,-0.47522296011447906
747106,Trail,GNRH2&GNRHR,0.43958911299705505
747121,VEGF,GNRH2&GNRHR,-0.5641619265079498
747528,WNT,HEBP1&FPR3,0.5390608310699463
747559,EGFR,PSAP&GPR37,-1.3932915925979614
747785,Hypoxia,PSAP&GPR37L1,1.2266793847084045
747966,Estrogen,PSAP&AR,-2.0853919982910156
748493,VEGF,CALM3&AR,-1.2628785967826843
748524,Androgen,PSAP&CELSR1,-0.8620115220546722
748539,EGFR,PSAP&CELSR1,-1.2099555432796478
748569,Hypoxia,PSAP&CELSR1,1.1514051854610443
748599,MAPK,PSAP&CELSR1,-1.55063296854496
749654,Trail,FGA&ITGAD,0.41190147399902344
749911,EGFR,PCNA&NCR2,1.2005048245191574
750076,WNT,PCNA&NCR2,0.6434326171875
751087,EGFR,RTN4&S1PR2,0.5543224513530731
751283,EGFR,RTN4&GJB2,2.8756810128688812
751343,MAPK,RTN4&GJB2,2.089232176542282
751614,Trail,F2&GP9,0.44672323763370514
752383,TNFa,ASIP&MGRN1,0.6727309674024582
753423,p53,WFIKKN2&IGDCC4,2.862339049577713
753424,Androgen,LTF&BTN3A2,-0.6735650151968002
753800,WNT,LTF&IL1RL1,1.3028244376182556
754132,TGFb,HAS2&HMMR,-1.7698138356208801
754192,WNT,HAS2&HMMR,1.2810446619987488
754479,MAPK,SLPI&PLSCR4,-2.074231803417206
754675,MAPK,EFEMP2&PLSCR4,-2.103046238422394
754705,PI3K,EFEMP2&PLSCR4,-3.2529486417770386
754886,NFkB,SLPI&PLSCR1,2.1739792227745056
754976,WNT,SLPI&PLSCR1,0.6374187469482422
755112,TGFb,TGM2&ADGRG1,1.6933996379375458
755595,EGFR,TCTN1&TMEM67,-0.6283370852470398
755640,JAK-STAT,TCTN1&TMEM67,-0.4013780653476715
755655,MAPK,TCTN1&TMEM67,-0.7564457058906555
755956,WNT,C1QB&C1QBP,0.6681274622678757
756288,TGFb,CP&SLC40A1,-1.5155211985111237
757600,JAK-STAT,PLA2G10&PLA2R1,-0.889077253639698
759771,MAPK,PTDSS1&JMJD6,1.1501747965812683
759801,PI3K,PTDSS1&JMJD6,2.044946014881134
759861,VEGF,PTDSS1&JMJD6,0.9681394696235657
759982,NFkB,TOR2A&ATP5F1B,-0.6970303058624268
760645,VEGF,CALM3&PDE1A,-1.1833356618881226
762228,WNT,GAD1&GRM4,-0.4140971601009369
762937,PI3K,S100A1&RYR2,-2.6036912202835083
764746,Trail,CALML3&KCNQ1,0.4818693995475769
764791,p53,CALML3&KCNQ1,0.8940909802913666
766013,Hypoxia,EFEMP2&AQP1,2.3418271839618683
766721,VEGF,CALM3&KCNQ5,-1.4870473742485046
769073,VEGF,TPH1&HTR1F,-1.3795163333415985
769224,TGFb,TPH1&HTR1D,0.6942383050918579
769616,TGFb,TPH1&HTR2A,0.5493866503238678
769857,VEGF,TPH1&HTR2B,-1.3060660064220428
770280,Androgen,LMAN1&MCFD2,1.6492852568626404
770385,PI3K,LMAN1&MCFD2,1.3453879952430725
771440,WNT,HDC&HRH2,0.38913166522979736
771455,p53,HDC&HRH2,0.7389527857303619
771606,Trail,HDC&HRH3,0.565443754196167
771651,p53,HDC&HRH3,0.639890506863594
771667,EGFR,CGN&OCLN,-1.0759299993515015
771727,MAPK,CGN&OCLN,-1.0094273388385773
772149,PI3K,S100A1&RYR1,-3.083077907562256
773039,EGFR,ITIH2&FCER1A,0.49392659962177277
773702,NFkB,SHBG&SLC37A1,0.6688402444124222
773747,TNFa,SHBG&SLC37A1,0.7098719030618668
773898,NFkB,PTPN6&CD300LF,-1.1632581949234009
774094,NFkB,PTPN6&CLEC12A,-0.6785355806350708
774953,VEGF,F12&GP5,-1.370647132396698
774968,WNT,F12&GP5,-0.3187781423330307
775647,MAPK,NUCB2&ERAP1,-1.0873922109603882
776144,WNT,PDX1&SLC2A2,-0.380283385515213
777456,TGFb,MXRA5&MFAP3L,1.252511978149414
777471,TNFa,MXRA5&MFAP3L,-1.0044677257537842
777592,JAK-STAT,PI16&MFAP3L,-0.38076555728912354
777652,TGFb,PI16&MFAP3L,0.9783350229263306
777697,VEGF,PI16&MFAP3L,-0.6294306814670563
779024,TGFb,IGSF10&SLAMF9,-1.4058347940444946
779220,TGFb,IGSF10&MILR1,-0.910627543926239
779808,TGFb,PSG5&TNFRSF12A,1.8506527543067932
