1,2,3,4,5,6,7,8,9,10,11,12,13,14,15,16,17,18,19,20,21,22,23,24,25,26,27,28,29,30,31,32,33,34,35,36,37,38,39,40,41,42,43,44,45,46,47,48,49,50,51,52,53,54,55,56,57,58,59,60,61,62,63,64
IL7R,BATF,SSR4,PRAC1,BANK1,REG1A,MT-CO2,GZMA,LGALS4,ITLN1,ATF3,NKG7,MUC2,APOB,MEF2B,AQP8,LRMP,ADAMDEC1,TXNDC5,HSPA1A,HLA-DPA1,GSTA1,MADCAM1,S100P,SLC9A3R2,TOP2A,PLAU,PLP1,PDGFRA,C1QA,IL1B,NDUFA4L2,DUOX2,CA7,COL4A1,DEFA6,CPA3,TAGLN,APOC1,KRT86,HIST1H3B,MT1F,TMPRSS15,MGP,LAMP3,S100A9,CD248,MMRN1,SCG5,CHGA,CTHRC1,KLK8,IL11,CD5L,COL1A1,FDCSP,DEFB4A,HP,PGC,VGLL1,MLN,PRSS37,NRGN,HBA1
TNFAIP3,CTLA4,MZB1,LEFTY1,MS4A1,OLFM4,MT-ND4L,KIR2DL4,SELENBP1,AGR2,CLDN4,PRF1,FCGBP,APOA1,TCL1A,CEACAM7,SH2D6,TCF21,H1FX,HSPA1B,HLA-DQA1,GSTA2,SELP,IL36B,RAMP2,UBE2C,CHI3L1,GPM6B,F3,FOLR2,CCL3L1,RGS5,DUOXA2,OTOP2,COL4A2,DEFA5,TPSAB1,MYL9,TREM2,LINC00299,HIST1H1B,MT1E,LCT,DPT,CCL22,FCN1,KRT24,TFPI,SCG2,CHGB,COL10A1,MMP7,IL24,HMOX1,COL3A1,FCAMR,DEFB4B,UPK3B,TFF2,RPTN,GHRL,FEZF2,TUBB1,HBA2
BTG1,TIGIT,DERL3,RPL37A,CD37,CCL25,MT-CYB,CD7,ETHE1,ST6GALNAC1,EDN1,CST7,ZG16,APOA4,SERPINA9,TSPAN1,BMX,HAPLN1,BHLHA15,DNAJB1,HLA-DPB1,RBP2,RAMP3,ANXA10,CD320,CENPF,PDPN,S100B,POSTN,C1QC,CCL3,THY1,CEACAM6,BEST4,COL15A1,REG3A,MS4A2,MYH11,APOE,KRT81,HIST1H4C,MT1H,S100G,OGN,FSCN1,S100A8,MFAP5,PPFIBP1,SCGN,TPH1,COL1A1,KRT16,MMP1,SPIC,COL1A2,CR2,LY6D,SERTM1,C6orf58,KRT23,VTN,SERPINB3,PF4,HBB
CD69,CD3D,SEC11C,RPS18,FCER2,DMBT1,MT-ATP8,KLRC2,LGALS3,CLCA1,HBEGF,GZMH,TFF1,CYP3A4,ELL3,PLAC8,AVIL,MFAP4,ELL2,HSP90AA1,CPVL,FABP6,CCL14,GJB5,CLEC14A,CCNB1,SOCS3,MPZ,EDNRB,MS4A4A,SOD2,COX4I2,LCN2,GUCA2A,HSPG2,PLA2G2A,LTC4S,TPM2,CTSD,NCR2,HIST1H3G,MT1M,RBP2,SFRP2,EBI3,FPR1,CLEC3B,AKAP12,PCSK1N,CES1,COL11A1,DEFB1,MMP3,VCAM1,SERPINE1,LTF,SERPINB7,PRG4,AQP5,PGLYRP3,BHMT,CALML3,PPBP,ALAS2
TSC22D3,PDCD1,FKBP11,RPS10,LINC00926,SLC12A2,MT-ND5,CCL5,CA1,TFF3,PHLDA2,KLRF1,FER1L6,SERPINA1,HMGN2,LYPD8,PSTPIP2,EDIL3,IRF4,BAG3,CLEC10A,CBR1,ZNF385D,LEMD1,TM4SF1,CDC20,CCDC71L,CRYAB,PLAT,C1QB,PLAUR,KCNJ8,PDZK1IP1,CA4,APLN,ITLN2,GATA2,ACTA2,PLA2G7,IL4I1,HIST1H3D,MT1X,ADA,DCN,IDO1,S100A12,ADH1B,LYVE1,NTS,PCSK1,COMP,KLK7,CXCL1,C1QB,CRABP2,CLU,SERPINB4,DPYS,CXCL17,MUC15,MBOAT4,SPRR1B,ITGA2B,HBD
CXCR4,FOXP3,HERPUD1,RPS2,TNFRSF13C,MLEC,MT-CO1,CD160,FABP1,RETNLB,GDF15,CMC1,BCAS1,DPEP1,AICDA,SLC26A3,AZGP1,ABCA8,POU2AF1,HSPH1,HLA-DRB1,FABP2,TSPAN7,ANXA2,ESAM,TUBA1B,GEM,FXYD1,BMP4,F13A1,CXCL2,NOTCH3,NOS2,GUCA2B,PCDH17,PRSS1,SLC18A2,CNN1,GPNMB,ALDOC,HIST1H1E,MT2A,FOLH1,CCDC80,CCL17,IL1R2,FBN1,RELN,PYY,FEV,BGN,PSCA,CXCL5,IGSF6,IGF1,CSTA,SPRR2A,SLPI,MSMB,KRT78,NSG2,SPRR1A,TREML1,HBG1
ZFP36L2,SPOCK2,SPCS1,RPL36A,CD74,GPX2,MT-ND1,HOPX,C10orf99,LRRC26,CLDN3,CTSW,RASEF,APOC3,CD79B,CEACAM1,PTGS1,CCL8,HIST1H2BC,HSPA8,HLA-DQB1,PTGR1,CLDN5,S100A6,SOX17,MKI67,PHLDA1,PMP22,CXCL14,VSIG4,IL1A,FOXS1,PI3,SPIB,ESM1,LYZ,HDC,PLN,CTSB,IL23R,HIST1H3C,MT1G,AKR7A3,C1QTNF3,CSF2RA,RNASE2,CFD,CCL21,GCG,RAB3C,COL1A2,DUSP27,TNFRSF11B,RBP7,SPARC,NPB,KLK10,SPRR2F,MUC6,KRT13,S100A1,MUC16,GP9,HBG2
PTGER4,CD2,SPCS2,RPL13A,VPREB3,CPS1,MT-CO3,KLRC3,KRT19,SPINK4,FOSB,KLRD1,CLCA1,ANPEP,HMGA1,MS4A12,SH2D7,LINC01082,HSP90B1,HSPA6,HLA-DRA,CES2,MEOX1,TACSTD2,FAM107A,PTTG1,TDO2,LGI4,BMP5,MRC1,BCL2A1,COL4A1,SAA1,MSLN,VWA1,PRSS3,VWA5A,MUSTN1,FTL,LST1,HIST1H3F,MT1B,ADH4,LUM,BIRC3,VCAN,FBLN2,CLDN5,SCG3,SLC38A11,THBS2,LEMD1,COL7A1,MS4A7,GAS1,SERPINA5,KLK6,LRRN4,BPIFB1,IL36RN,ASGR1,SLURP1,PRKAR2B,HBM
KLRB1,CD3E,XBP1,RPL36,CD19,TMEM238,MT-ATP6,TMIGD2,CA2,LINC00261,HES1,GZMK,SYTL2,SLC6A19,VPREB3,FXYD3,TRPM5,STMN2,HIST1H2BJ,HSP90AB1,CD74,KHK,MEOX2,KLK10,PLVAP,PLK1,CTSK,MYOT,ENHO,MS4A6A,CXCL3,COL18A1,CEACAM5,LYPD8,CD93,KLK12,KIT,DSTN,CTSL,LTB,HIST1H2AH,MT1A,AQP10,PLAC9,CCR7,MNDA,IGFBP6,ECSCR,PAX6,LMX1A,SULF1,PADI1,CXCL6,NDST3,ADAMTS16,TMEM163,LYNX1,CFB,A4GNT,MUC16,SCG5,LYPD2,HBE1,AHSP
RORA,TNFRSF4,CYBA,RPS17,CD83,MGST1,MT-ND3,CD247,C15orf48,ABCA4,KLF4,EOMES,B3GNT6,ACE2,SUGCT,IFI27,HCK,CFH,PPIB,HSPB1,CST3,MGST3,JAM2,S100A11,CAV1,ASPM,C11orf96,NRXN1,VSTM2A,RNASE1,PTGS2,EDNRA,SAA2,MYOM1,APLNR,PDIA2,SIGLEC6,ACTG2,SPP1,RORC,HIST1H1D,PTX3,PRAP1,SRPX,TXN,LILRA5,GPX3,FLT4,ISL1,NEUROD1,FN1,KLK6,IL13RA2,C1QC,MMP23B,CLDN16,KRT6B,KLK5,GP2,SPINK5,SNAP25,KRTDAP,ITGB3,GYPB
RGS1,TOX2,PRDX4,RPL31,CD22,AKR1C3,MT-ND4,IL2RB,CKB,KLK1,EGR1,FGFBP2,MUC13,ENPEP,HMGN1,SDCBP2,HPGDS,SFTA1P,HIST1H2AC,ZFAND2A,HLA-DRB5,FBP1,IL33,CLDN18,SEMA3G,CDKN3,CXCL1,CDH19,NSG1,CD14,EREG,COL4A2,HK2,CKB,VWF,REG1A,TPSD1,MYLK,MMP9,ZFP36L1,HIST1H2AL,LGALS2,SLC46A1,PCOLCE2,NCCRP1,SLC11A1,SCARA5,TBX1,PRPH,TAC1,SFRP4,TNNT1,PLAU,P2RY13,CTHRC1,SERPINE2,SLC6A14,KCNH5,KCNE2,A2ML1,SCGN,DPYS,HBG2,SNCA
KLF6,LAT,TNFRSF17,RPL7,CD79A,RAMP1,MT-ND2,CD96,FXYD3,HEPACAM2,IER3,GZMB,MLPH,ALDOB,MARCKSL1,FTH1,GNG13,RBP1,MTRNR2L8,HSPD1,FCER1A,PEPD,AQP1,S100A16,PODXL,CCNB2,IER3,GFRA3,FENDRR,LILRB5,G0S2,HIGD1B,SLC6A14,CTSE,KDR,CDKN1C,IL1RL1,RERGL,CAPG,TNFRSF18,HIST1H2AG,MUC3A,ACY1,SERPINF1,TVP23A,CD300E,PCOLCE2,SCN3B,CCK,DDC,SPARC,SFTA2,CFB,SLC40A1,BGN,NPPC,S100A7,C3,TCN1,LYPD2,KCNH7,LGALS7,CLEC1B,IFIT1B
GPR171,IL2RA,MANF,RPL27A,BLK,CLDN2,MT-ND6,CD3E,VSIG2,REG4,ARL14,CCL4,REG4,MGAM,ACTG1,CLDN23,IL17RB,C1S,KLF2,HSPE1,DNASE1L3,KCNJ13,SPARCL1,KRT19,CYYR1,HMMR,CYGB,L1CAM,NRG1,CSF1R,NAMPT,PDGFRB,MUC13,HRCT1,ENG,IGFBP2,GCSAML,DES,LILRB4,TNFSF11,HIST1H2AM,CALML4,OTOP3,FBLN1,TREML1,IFI30,EFEMP1,SEMA3A,UCN3,KCTD12,C5orf46,TNNI3,CSF3,LIPA,CPXM1,S100A1,SPRR1B,CALB2,CCKBR,SERPINB13,SLC26A7,SLPI,DYTN,SLC25A37
NFKBIA,LCK,HSP90B1,RPS6,HVCN1,TSPAN8,MTRNR2L12,SLA2,SLC26A2,WFDC2,ERRFI1,S1PR5,GPR153,MTTP,GCSAM,PRDX6,ALOX5,CCL11,HIST1H1C,UBC,CD1E,MAOA,LIFR,KRT18,HEY1,HMGB2,NNMT,PRNP,COL6A1,CD163,CCL4L2,CALD1,GPRC5A,KRT20,PLVAP,SERPINA1,KRT1,CSRP1,CSTB,PCDH9,HIST1H2BF,SGK1,AKR1B10,PCOLCE,CXCL9,NCF2,RARRES1,FXYD6,GC,SYT13,COL5A2,SLC4A11,TFPI2,SDC3,COL5A1,VCAM1,KRT6A,UPK1B,SCGB3A1,ALDH3B2,CALY,LGALS7B,TMEM40,TBX15
LEPROTL1,IL32,SDF2L1,RPS3,CD79B,C1QBP,MUC3A,LSP1,CHCHD10,SLC12A2,NR4A1,SAMD3,TBX10,MEP1A,BCAS4,CA4,MATK,CCL13,CD38,DNAJA1,CD1C,AKR7A3,VWF,WDR72,GJA5,BIRC5,ICAM1,SCN7A,FRZB,STAB1,IL1RN,EGFL6,TMPRSS2,NEURL1,PCDH12,FZD9,CTSG,LMOD1,TM4SF19,KIT,HIST1H2BM,PRAP1,SLC5A1,COL14A1,HMSD,CSTA,CYP4B1,PROX1,GIP,SLC18A1,MMP11,CHST4,IL6,PKD2L1,THBS2,CXCL13,SERPINB3,HAS1,PRR4,NCCRP1,SCG3,DSG1,ALOX12,PHOSPHO1
TXNIP,ARHGDIB,SEC61B,PRDX5,LAPTM5,SPINK1,PCK1,ACTB,S100A14,HES6,RHOB,CLIC3,SCNN1A,MEP1B,BCL7A,PHGR1,RGS13,GGT5,TP53INP1,JUN,CLEC9A,AADAC,SELE,S100A10,CRIP2,TPX2,AGT,ALDH1A1,TMEM119,PLTP,IER3,IGFBP7,MUC1,HES4,DYSF,REG1B,SLC45A3,FLNA,ACP5,SH2D1B,MKI67,MEDAG,SLC13A2,C1R,TNFAIP2,LILRB2,PI16,NRP2,MIR7-3HG,OR51E1,COL3A1,SLC26A9,WNT5A,CD163,WT1,SLC1A2,PLA2G4E,LRP2,ZG16B,KRT4,PGAM2,KRT6A,MTURN,SLC25A39
SYTL3,RAC2,DNAJB9,RPS9,FCRLA,GSTP1,CYP3A5,HCST,COX4I1,LGALS4,TRIB1,GNLY,TFF3,SLC15A1,RGS13,PKIB,POU2F3,APOE,PIM2,PPP1R15A,HLA-DMA,SI,FAM167B,KLK6,JAM2,NUSAP1,RARRES2,COL28A1,COL6A2,LGMN,CCL4,FAM162B,GCNT3,CPA2,PRSS23,TRIM50,HPGDS,TPM1,APOC2,AREG,HIST2H2AB,TMSB10,VNN1,CFD,GPR157,CLEC4E,PRELP,GNG11,ABCC8,REG4,COL12A1,TACSTD2,CHI3L1,CD68,COL5A2,CR1,PI3,BNC1,PGA3,SCEL,VSTM2L,SERPINB4,TRIM58,DCAF12
CCNH,LAIR2,CRELD2,RPL10A,CD72,RPL7A,AL627171.2,CD8A,COX5B,GMDS,KLF6,KLRG1,GALNT5,XPNPEP2,LIMD2,CEACAM5,PTPN18,PTN,BMP6,NR4A1,CD207,AKR1C3,CPE,KRT8,FLT1,TUBB4B,JUNB,TSPAN11,COL4A5,DAB2,NLRP3,LOXL2,CLCA4,CEACAM3,PODXL,LCN2,SVOPL,PPP1R14A,OTOA,TNFRSF25,RRM2,CPA2,GLTPD2,IGFBP6,CD83,TYROBP,AOX1,GPM6A,CACNA1A,GSG1,ASPN,KRT6B,MMP10,CREG1,LOX,SERPINA3,LAMC2,ANXA8,CRISP3,SLPI,ISL1,SPINK5,HBQ1,STRADB
DUSP1,ICOS,UBE2J1,EEF1G,HLA-DQB1,EPCAM,ABCC3,EVL,TMEM54,REP15,IER2,KLRK1,CREB3L1,CUBN,GAPDH,C19orf33,HTR3E,CTSC,JUND,UBB,SPI1,AKR1B10,OLFM1,NQO1,MMRN2,CENPA,SOD2,PRIMA1,TRPA1,MS4A7,NFKBIA,EGFLAM,ASS1,TMSB10,FAM167B,HES6,CDK15,CSRP2,IFI30,PRAM1,HIST1H2AB,SLC30A1,TM4SF4,GSN,PPA1,C5AR1,GALNT15,PKHD1L1,TTR,RAB3B,ITGBL1,KRT80,IGFBP5,CSF1R,CCDC80,RBPMS-AS1,HEPHL1,GAS1,LCN2,PSORS1C2,SLAMF9,ALDH3B2,RGS18,PAX4
SRGN,TBC1D4,SPCS3,FAM3D,LY9,IDH2,MUC12,ABI3,MGST3,MB,BTG2,DUSP2,ENTPD8,CREB3L3,MS4A1,SRI,RASSF6,CXCL14,KLHL14,SERPINH1,CFP,CYB5A,ECSCR,RHOD,TMEM88,CCNA2,C1R,MATN2,PDGFD,CD209,SAT1,GJA4,MUC12,SRI,ROBO4,RETNLB,ADCYAP1,SNCG,PSAP,STAC,HIST1H2AJ,CEBPD,CBR1,EFEMP1,CXCL11,LILRA2,MEDAG,RHOJ,RGS4,CRYBA2,COL5A1,CALB1,TNC,FCGR3A,COL6A1,IRX4,KRT17,MSLN,CLDN18,VTCN1,ARX,MUC15,NFE4,FAM210B
CYTIP,CORO1A,KRTCAP2,RPS14,RPS23,FAM3B,CDHR1,KLRK1,COX5A,RAP1GAP,FOS,HCST,SPDEF,SLC7A9,NEIL1,FABP1,ZFHX3,A2M,GNAS,DUSP1,HLA-DMB,PEBP1,LHX6,RAET1L,PTPRB,CDK1,CTSC,XKR4,DMKN,CTSB,OLR1,GJC1,CASP5,CLCN1,P2RY6,SMOC2,CAPG,SORBS2,CHIT1,PTGDR,HIST1H3H,UPK3B,ASAH2,C16orf89,IL12B,FGR,DCN,HYAL2,KCNK16,VWA5B2,FAP,GABRP,PTHLH,MPEG1,CILP2,TREML1,KLK7,C4BPA,CLDN2,CNFN,GDAP1L1,KRT1,CMTM5,KLC3
YPEL5,ACTB,SUB1,RPL12,MARCH1,KCNJ13,LLGL2,KLRD1,KRT8,ANXA13,NCOA7,ITGB2,SPATS2L,MME,MYBL2,SFN,ATP2A3,LUM,DUSP5,FOS,HLA-DQA2,KRT19,TGFBR2,CTSE,EPAS1,KPNA2,ZFP36,CD9,COL4A6,SLCO2B1,AQP9,CCDC102B,TRIM31,ADRA2A,TM4SF18,SPINK1,PRG2,SYNPO2,CD68,LIF,HIST1H2AI,NME2,ONECUT2,OMD,CD40,S100A4,GSN,AFAP1L1,SCT,SCN3A,CST1,FAM83A,TMEM158,C1QA,MMP2,PTGDS,PDZK1IP1,CPA4,LYZ,PI3,ACSL1,PSORS1C2,LINC00989,ANKK1
ANXA1,PFN1,PDIA6,RPL41,FCRL1,U2AF1,ELF3,FASLG,PHGR1,TSTA3,NRARP,CX3CR1,CAPN8,CDHR5,AC023590.1,GUCA2A,GNAT3,CP,HDLBP,DNAJA4,AIF1,HEBP1,PLA1A,PHLDA2,AIF1L,CENPE,IER2,SOX10,GLP2R,TYROBP,PLEK,FRZB,DHRS9,SDCBP2,PXDN,KLK11,HPGD,CASQ2,CCL18,TMIGD2,HIST1H3J,CDKN1A,APOA4,SHISA3,CXCL10,APOBEC3A,IGFBP4,TIE1,ETV1,NKX2-2,COL8A1,TM4SF4,PDPN,CETP,ALDH1A3,PWRN2,FAM25A,CLDN1,PDIA2,SERPINB7,IL20RA,TMPRSS11A,F13A1,KLF1
EEF1A1,ITM2A,CCR10,NME2,P2RX5,HMGA1,PDE9A,XCL1,TMEM141,CREB3L1,LDLR,GZMM,CEACAM5,CPO,STMN1,CDA,SPTLC2,LTBP4,HIST1H1E,ATF3,LGALS2,CMBL,EGFL7,SDR16C5,PALMD,DLGAP5,TIMP1,TUBB2B,SOX6,LYVE1,TNF,LURAP1L,DSG2,OTOP3,FLT1,PLEKHB1,CNRIP1,KCNMB1,S100A11,TNFSF13B,TYMS,ACY1,ENPP7,OLFML3,RASSF4,FPR2,CPZ,F8,INSM1,RPRML,AEBP1,SLC2A1,FTH1,APOE,C3,ALPK2,CDH3,CST6,ANXA10,TMPRSS11B,SST,UNC5B-AS1,HBG1,GLRX5
RPS12,TNFRSF18,SERP1,RPL8,IRF8,PPP1R14B,TMPRSS4,CD244,HSD11B2,TSPAN13,EPHA2,APOBEC3G,MGLL,ALPI,FCRLA,CLDN7,KRT18,EMILIN1,PRDM1,IER2,CACNA2D3,LGALS2,TLL1,ANXA3,EMCN,CKS2,MSC,SOX2,FOXF1,NPC2,LUCAT1,CDH6,APOL1,FRMD1,MCAM,CABP7,SAMSN1,NEXN,CLEC5A,TLE1,HIST2H2AC,C19orf33,CYP2C18,MFAP5,MARCKSL1,FCER1G,SERPING1,GPR182,ASIC5,INSM1,COL6A3,CACNG4,PTGES,MS4A6E,CLEC11A,MAP1LC3A,TCN1,EPGN,GOLM1,UPK1B,CACNG4,KRT10,MMD,TMPRSS9
GPR183,ARPC1B,TXNDC15,RPL26,LY86,RPLP0,MUC5B,LDLRAD4,HMGCS2,STARD10,ACTG1,FCGR3A,REP15,SLC13A1,TUBB,RHOC,ITPR2,ITIH5,OTUD1,CACYBP,MS4A6A,FABP1,ENG,TRIM29,ALPL,DEPDC1,PCOLCE,CADM2,NPY,FCGR2A,CD300E,PRSS23,SLC40A1,CDK18,FKBP1A,PCSK1,MAOB,MSRB3,FCER1G,KIAA1211L,HIST1H2BB,C11orf96,REEP6,SERPINE2,GBP1,NFE2,FSTL1,EFEMP1,CPE,KCNJ6,WNT2,ASPHD1,TWIST2,SIGLEC8,MXRA5,RBP5,KRT16,TCEAL6,FUT9,ANXA9,CLEC4G,KRT5,PCYT1B,DMTN
JUNB,SIRPG,CD79A,RPS29,PAX5,OTC,MUC17,RAC2,UQCRQ,TMEM61,ETS2,IL2RB,S100P,DPP4,BASP1,HSD17B2,B4GALNT4,PLEKHH2,CLPTM1L,DNAJB4,PLD4,ALDOB,APLNR,FEZF1-AS1,GNG11,GTSE1,IRF1,NTM,LAMA4,SIGLEC1,CD83,ANGPT2,XDH,ADCY5,HTRA1,IFI6,NTRK1,EFHD1,ATP6V1F,LTA,HIST2H2BF,PDE9A,CYP2C19,SGCG,TMSB10,RETN,PTGIS,TIMP3,TMEM190,RFX6,ANTXR1,NPSR1,AKR1B1,KCNJ10,TNFRSF12A,TMEM150C,SAA1,PROCR,PDILT,PGLYRP4,TAAR1,KLRG2,GP1BA,GMPR
TPT1,TNFRSF1B,CD27,SLC25A6,ARHGAP24,KRTCAP3,MUC4,CKLF,FAM162A,CDC42EP5,SFN,FCRL6,TM4SF4,CDHR2,HMGB1,CLDN3,TAS1R3,PCDH7,SEL1L3,FKBP4,LST1,OAT,RBP5,NPSR1,RBP7,ARL6IP1,NCOA7,NGFR,AGT,CD68,TREM1,CSRP2,C4BPB,C4BPA,C1orf54,S100A1,GATA1,NTRK2,CTSZ,AFF3,HIST1H4D,ADAMTS4,ANPEP,F10,IL4I1,HK3,LAMA2,KANK3,CALY,SCGN,THY1,UNC5B-AS1,INHBA,NR1H3,ADAM12,LSAMP,CXCL11,KCNJ4,SERPINA4,SERPINB2,KIF1A,WFDC5,SCGB1C1,NAV2-AS2
RPS27A,CD3G,EAF2,RPL3,RPL18A,HSPD1,TLCD2,ITGA1,MGST1,KIAA1324,RAB11FIP1,KLRC1,CAMK2N1,FABP2,UCP2,TRIM31,ANXA13,NID1,PELI1,BTG2,FGL2,SLC10A2,FAM110D,PERP,CD34,H2AFZ,EGR1,NRN1,SLITRK6,CYBB,NINJ1,OLFML2B,ADIG,MDK,F2RL3,FGFRL1,ALOX5AP,MCAM,GRN,ID2,HIST1H2BH,HAS1,CLDN15,CXCL12,CD86,CFP,TNXB,APP,ARX,ARC,SPON2,TRIM29,FGF7,SIGLEC7,RGS4,TF,LGALS7,FGF1,HABP2,KRT80,SRRM4,ZNF750,TGFB1,BLVRB
CREM,ICA1,SSR3,RPL35,AFF3,CDCA7,MYO15B,GNLY,TST,TPSG1,LMNA,SH2D1B,FAM177B,TM4SF20,PARP1,SLC51B,CCSER1,FBLN1,SMAP2,FOSB,RNASE6,NR1H4,DUSP23,HABP2,CDH5,STMN1,CEBPB,HAND2,EMID1,AIF1,FTH1,BGN,TSPAN1,HEPACAM2,SPARC,AZGP1,MS4A3,RBPMS2,HAMP,LINGO4,HIST1H4F,CCL25,NPC1L1,CILP,ENTHD1,SPI1,C3,NR2F1,NEUROD1,C2CD4B,LUM,TRIM54,UCN2,HK3,NNMT,RGS9,SPRR2D,TCEAL2,LIPF,SPRR2D,AANAT,A2ML1,NFE2,CLPS
MCL1,CORO1B,TXNDC5,RPS4X,SELL,IGFBP2,ANO9,IL32,TSPO,HPCAL1,SIK1,PTGDR,FSIP2,MS4A10,HMGB2,LINC01133,IL13RA1,ADAM28,SLAMF7,GADD45B,MNDA,SLC51B,SNCG,IFI6,HEG1,TUBB,IL6,NRXN3,PTCH1,PSAP,SERPINB9,ABCC9,CEACAM1,MEIS1,CALCRL,HPN,TMEM233,HSPB7,FBP1,CSF2,HIST1H2BO,SLC10A2,ALPI,PDGFRL,SLCO5A1,C1orf162,AADACL2,PLIN5,GHRH,CDHR3,MMP14,KLK11,SBSN,LILRA2,COL6A3,ANKRD29,KRTDAP,TIMP1,SLC9A4,KRT7,INA,CXCL17,VCL,FBXO7
RPL32,LTB,TMEM258,RPS28,CD52,UQCRH,SLC26A2,XCL2,SLC25A5,SPINK1,MAFF,CCL5,SYT7,SLC3A1,VNN2,CLCA4,KLK13,NOVA1,GLCCI1,EGR1,IGSF6,PCK2,DOC2B,GJB3,STOM,AURKB,SERPINF1,MIA,CYGB,FPR3,NR4A3,COL5A3,TMC5,FKBP1A,AFAP1L1,CLDN18,ACSL4,RCAN2,PLA2G2D,FXYD5,HIST1H1C,ANXA8,MME,MFAP4,CD80,S100A11,TGFBR3,CHRDL1,MS4A8,ADH4,MFAP2,SLCO1B3,CYP26B1,TBATA,CFB,FBP2,LGALS7B,ALDH1A3,AC000124.1,NDRG2,NEUROD1,ABCA13,DMTN,KRT25
PIK3IP1,HLA-A,PDIA4,RPS5,RPS8,EEF1B2,ZZEF1,NKG7,COX7A2,SPDEF,LAMA3,TBX21,CDC42EP5,ACE,HTR3A,TMEM54,AOC1,ANGPTL1,EIF2AK3,IER5,P2RY13,ADIRF,PRCP,S100A14,NOTCH4,AURKA,WARS,CNN3,PCDH18,MSR1,GPR183,GUCY1A2,KLK10,ITM2C,TMEM255B,NOTUM,CATSPER1,KCNA5,GM2A,SLC4A10,HIST1H2BL,NNMT,GATA4,SFRP1,ACTB,PILRA,CILP,PARD6G,RBP4,SNAP25,INHBA,ANO1,COL12A1,AIF1,COL6A2,VIT,SPRR1A,SERPING1,FMOD,TMPRSS11D,CDH12,DMKN,DOK6,STRIP2
RPS27,CD6,TMEM59,WFDC2,HLA-DQA1,PEBP1,PCSK5,KIR3DL2,S100A10,TCEA3,JUN,FGR,MUC1,DGAT1,CORO1A,TMEM37,MYO1B,SCARA5,UBE2J1,ZFP36,COTL1,C17orf78,NPDC1,SFN,FABP5,CENPW,SOD3,CMTM5,EMILIN1,MAFB,GPR84,SPARC,SAA4,KRT8,CD34,COL11A2,CMA1,PDLIM3,FCGR1A,TNFSF4,HIST1H2AK,C3,SI,C7,CD274,TREM1,LRRN4CL,PGM5,RTN1,RIMBP2,LGALS1,NMU,TGFBI,GCLC,PCOLCE,CHST8,BEAN1,WT1,COL11A2,C15orf62,SSTR2,SBSN,TSPAN33,YBX3
RPS15A,PTPRC,PPIB,RPS19,POU2F2,PPP1R1B,PTK6,CD3G,COX6C,FAM3D,EZR,APMAP,SYTL5,TMIGD1,RMI2,EMP1,DCLK2,MEG3,FNDC3B,ANKRD37,MPEG1,FAM151A,NPC2,GJB4,PIK3R3,CEP55,LMNA,EGFL8,SDC2,SLC40A1,KYNU,PGF,SLC6A8,CITED1,ARHGAP29,PLA2G2E,CALB2,MYL6,CHI3L1,CAT,HIST1H2AE,RPS10,ABCG5,SLIT3,DAPP1,CLEC12A,VASN,F2RL3,BEX1,CADPS,TIMP3,SPRR3,MMP2,CMKLR1,CERCAM,TNNT3,LCN2,TGM1,DLGAP1-AS5,ADH7,TAGLN3,SPTSSB,MPP1,GAD2
ZFP36,UCP2,RABAC1,PPP1R1B,BCL11A,CLDN15,FLNB,PTPN22,COX8A,FCGBP,ELF3,NCR1,FRMD3,SLC5A12,CD22,AK1,COL27A1,CYGB,SEC14L1,JUNB,CSF2RA,LGALS3,TACR1,MIF,TM4SF18,TUBA1C,CXCL2,MAL,INSC,GPR34,ICAM1,PLXDC1,CD55,FXYD3,PDGFB,ELOVL2,HS3ST1,HSPB6,GLUL,SPINK2,HIST1H4B,SRPX,CES2,THBS4,KYNU,CTSS,HSPB8,PIEZO2,GAST,PSCA,CRABP2,ABHD12B,POPDC3,TIMD4,MFAP2,PCDHAC1,SLURP1,CCDC80,AQP2,TACSTD2,C8A,UPK1B,RBPMS2,SLC4A1
ZNF331,GMFG,ERLEC1,RPS24,RPL30,RPS2,SLC9A3,SH3BGRL3,ALDOA,CKAP4,VMP1,AOAH,SPINK4,AMN,RFTN1,NLN,OGDHL,TMEM176B,SRM,MRPL18,FLT3,DHRS11,CALCRL,TMSB10,CD36,CKS1B,NFKBIA,HAND2-AS1,FGF9,FCER1G,C5AR1,NR2F2,ATP1B1,MT1G,HECW2,GUCA2A,LAPTM4A,FHL1,IL4I1,CPNE7,NUSAP1,ADAMTS1,CREB3L3,PAMR1,TIFAB,LST1,SLPI,PALM,SST,AMER3,CST2,FOXQ1,HSD11B1,APOC1,FKBP10,GABRG3,MUC5B,BCHE,MIA,PRSS27,HSPA5,SDR9C7,TAGLN2,MYB-AS1
RPLP1,COTL1,LMAN2,RPL23,RPL19,EPHB2,MUC20,PTPRCAP,COX6B1,PDIA3,JUND,SH2D1A,NPDC1,SUSD2,ANP32B,SPINT2,HOTAIRM1,SNAI2,CDV3,CHORDC1,CLEC4A,SLC7A9,IGFBP4,SCD,ENPP2,NUF2,THY1,KCNMB4,NBL1,FTL,FCER1G,MCAM,PIGR,S100A10,RAMP3,PKP1,MITF,ADIRF,FCGR3A,LTA4H,E2F8,SLC39A5,C11orf86,GPNMB,CCL23,CD14,PTGES,EPHX1,SSTR2,SLC29A4,SPOCK1,ALPP,ACSL4,MMP19,SERPINH1,SNAP91,SERPINB1,KLK11,AGR2,LINC00160,DIRAS3,TACSTD2,TLN1,MKRN1
RPL39,CD5,SDC1,RPL15,TLR10,PIGR,PDZD3,SH2D1B,S100A6,ANG,CLDN23,DTHD1,DST,PRAP1,PFN1,SERINC2,NCMAP,PROCR,HIST2H2AA4,GLA,CLEC7A,MS4A8,LCN6,GSTP1,EGFL7,PRC1,CCL2,PTPRZ1,PXDN,ADAP2,INHBA,REM1,COL17A1,CCNYL1,TCF4,PRUNE2,NSMCE1,TNS1,MARCO,B4GALNT1,HIST1H4H,PHGR1,NR0B2,RSPO3,CRLF2,AIF1,ADAMTS5,SEMA3D,G6PC2,MCOLN3,ISLR,WNT7B,SOD2,BLVRA,PDLIM3,OCA2,SAA2,CFHR1,ARHGAP40,KRT6A,ATF3,TRIML1,GNAS,FECH
RPL30,CD28,TRAM1,RPLP2,HLA-DRA,NRARP,MTRNR2L10,ITGAE,NDUFB9,FOXA3,CD55,KIR3DL1,FOXA3,ACSL5,HIST1H4C,TMIGD1,C11orf53,IL34,GAB1,H3F3B,C1orf54,SLC25A5,CLEC14A,FIBCD1,GJA4,HMGB1,PDLIM3,PMEPA1,WFDC1,HLA-DRB1,OSM,ACAN,C4BPA,MT1H,SERPINE1,CRABP1,AMHR2,CALD1,LINC01094,OTUD5,TUBB,SLC30A2,SLC2A5,CHRDL1,BASP1,LILRB3,ISLR,ARHGAP29,NPW,CACNA2D1,RCN3,CRABP2,PRRX1,CLIC2,PTGIS,SCARA3,ANXA2,ALOX15,TESC,SAA2,ABCC8,PYDC1,CXCR2,ADH4
RPS25,CD27,SPAG4,RPL17,RPL11,CERS6,MOGAT3,TMSB4X,DBI,GALNT7,ZFP36,CD8A,FAXDC2,SLC5A1,SERF2,SMIM22,GRASP,ABCA6,MYBL2,DUSP2,SLAMF8,PRDX1,FKBP1A,POMP,SLC14A1,UBE2S,RND3,PCSK2,HSD17B2,FGL2,IFI30,RGS16,LMO7,NOTCH2,CDH5,TMED6,ANXA1,PALLD,IGSF6,MAP3K8,H2AFX,COX7C,CDHR5,PI16,CLIC2,CSF3R,P2RX2,ANGPT2,PLCXD3,BEX1,EPYC,ITGB4,TMEM132A,HCLS1,SERPINF1,PAPLN,MMP10,CLEC4M,DPPA3,SAA1,WNK3,SOX21-AS1,SPOCD1,GAD1
DUSP2,LIMD2,FCRL5,RPL21,RCSD1,MATR3,PLEKHG6,PFN1,NDUFB2,GNE,WEE1,IFITM2,ANKRD36C,FLVCR1,ARPC2,CLDN4,CD300LF,WNT2B,HM13,SERTAD1,LYZ,CCL25,MMRN2,SERPINB5,IGFBP3,PBK,ACKR3,DKK3,PTGDR2,FCGRT,STX11,HEYL,ATP10B,GPRC5C,ECSCR,KCNQ1OT1,RENBP,LPP,CCL7,FOS,PKMYT1,MUC17,PDX1,MMP23B,MIR155HG,FCGR1A,UAP1,SNCG,ONECUT3,LINC00907,CERCAM,GJB5,PDLIM4,KCNMA1,MMP19,KEL,LAMA3,PRR9,C16orf89,MAL,FFAR3,DSC1,ZYX,SPTB
RPL34,FBLN7,GNG7,RPSA,CXCR5,UGT2B17,B4GALNT2,CTSW,S100A16,GNPNAT1,DSP,HLA-C,TPSG1,OAT,ACTB,KRT20,GABRP,GPC6,NOMO2,DNAJB6,IFI30,OTC,CYYR1,SULT2B1,SRP14,KIF23,DUSP1,SPARC,PCSK6,CTSZ,FCGR2A,ACTA2,REG1B,CFTR,IGFBP7,SH3GL2,SIGLEC8,PDLIM7,NCF2,AQP3,STMN1,CHST5,PCK2,SDC2,GPX4,AQP9,PODN,SPHK1,C22orf42,CYP4F3,POSTN,KRT23,GAS1,ITGAD,PDGFRL,DSC3,WARS,ALDH1A2,GLP1R,CXCL17,RBP1,DLX5,S100A8,ADH1A
CD40LG,IL21,JSRP1,GPX2,MEF2C,H3F3A,TMEM236,CD8B,CYC1,CREB3L4,ITPKC,CCL4L2,CAPN9,HNF4G,CDT1,DHRS9,CMYA5,DDR2,LMAN1,EIF4A3,XCR1,CALM1,FAM155A,GAPDH,SOX18,NEK2,FOSB,LRRTM1,CALD1,C3AR1,MMP19,STEAP4,TM4SF20,GMNN,RAI14,KIF19,ST8SIA6,FHL5,DCSTAMP,MMP25,CDCA5,FAM151A,MUC3A,C1S,AIRE,ASGR2,NNMT,ACKR2,FEV,ADCY2,LOXL2,S100A11,WNT2,MCOLN1,MEDAG,ROBO1,TRIM29,EGFL6,SPINK1,PSCA,F10,PLA2G2F,MARCH2,ADIPOR1
TRAT1,LAG3,NUCB2,RPS16,FAU,ALDOA,FBLIM1,CD52,UQCR10,SERF2,MIDN,BIN2,TSPAN3,CYP4F2,CDCA7,APOBEC3B,TPM1,FHL1,TXNDC11,RHOB,ACTB,LINC01005,CTNNAL1,TXN,IFITM3,CDCA3,KLF4,TTYH1,PITX1,ADORA3,SRGN,DCLK3,DSC2,NBPF14,SEMA3F,AC079210.1,PRSS57,BCAM,OLR1,FES,TMPO,DBNDD2,PTGR1,HSPB6,TYMP,THBS1,TIMP3,SHC1,CELF3,SLC7A2,ADAM12,ONECUT3,PI15,NAIP,RCN3,CSF2RB,TGM2,FLRT2,CYSTM1,ATP12A,RGS4,ATP6V1B1,IRX6,HIST1H4K
TSPYL2,IL2RG,LIME1,RPL23A,HLA-DOB,GAPDH,DSP,LCK,SLC22A18AS,FOXA2,GPRC5A,CCL3,RAB27A,LEAP2,HMCES,MYL12B,LIPG,CXCL12,CALR,SQSTM1,CD1D,SLC51A,RAMP2,NTSR1,ID1,HMGN2,FOS,SORCS1,WNT5A,C5AR1,TNFAIP2,COL5A2,MXD1,EPCAM,INSR,NKD1,BTK,SOD3,SLAMF8,CD300LF,HIST1H2BC,KLK5,CYP2C9,GREM1,CSTA,ITGAM,SFRP1,STAB2,VWA5B2,PCSK1N,TGFBI,MIA,MASP1,IGSF21,FAP,RARRES2,TNIP3,SYT4,ODAM,FOXE1,NR0B2,ATP6V1C2,AC034243.1,GC
RPLP2,S100A4,LMAN1,RPS21,NCF1,PRDX2,MTRNR2L8,ARHGAP9,COX6A1,TM9SF3,ZNF165,CD247,MCF2L,MUC17,POU2AF1,GPRC5A,PTPRT,CD302,HIPK2,STIP1,CLEC4F,DPEP1,HYAL2,MSLN,ICAM2,TROAP,C1S,TIMP4,ECM1,CST3,INSIG1,ITGA1,TGM2,REN,GNG11,GADD45G,ADRB2,KCNAB1,CTSH,ZFP36,HIST1H1A,CYBRD1,SCTR,SSPN,FLT3,STXBP2,DCLK1,THBD,PCSK1,TMEFF2,ADAMTS12,CEACAM6,STC1,PSAP,EGFL6,TMEM119,KRT7,IL20,RNF39,KRT17,TNNI3,SOX2,RAB32,CDC34
DDX5,C9orf16,TMED9,RPL38,RPS21,CASP1,FRMD1,IFITM1,UQCRFS1,DYRK4,NEAT1,PYHIN1,MIA3,G6PC,H2AFZ,TMEM171,KCNQ4,FBLN5,MTDH,RGS2,TMSB4X,MTTP,NRN1,SFTA2,ENG,MAD2L1,IFITM3,FSTL3,MMP2,MPEG1,CCL20,SDC2,TSPAN8,SLC2A5,ANGPT2,PROM1,GLUL,CAP2,FTH1,AHR,TPX2,CLDN15,SLC35G1,GSTM5,BCL2A1,RAB31,CADM3,KLHL4,RFX6,SLC5A8,CDH11,GJB4,TNFAIP6,IL18,COL6A6,PRRX1,IDO1,ITLN1,MUC5B,CLIC3,CAMK2B,PCP4L1,FLNA,BCL2L1
RPL9,PASK,RPL36AL,RPL18A,RPSA,ASCL2,MYO7B,CD3D,GOLM1,GALNT8,MCL1,IFITM1,NEAT1,CYP2D6,GGA2,MISP,SPIB,C1R,CPEB4,PTGES3,C1orf162,FAM3B,SLCO2A1,GPX2,FCN3,CDCA8,EMP1,CLU,LAMB1,CD163L1,THBS1,CSPG4,GOLM1,NBPF10,NOTCH4,NRTN,IL1RAPL1,MAP3K7CL,ASAH1,XCL1,KIF11,RAMP1,CYP3A4,PTN,TRAF1,LRRC25,FBLN1,DMTN,TAGLN3,CAMK2B,LOX,S100A2,IER3,PLA2G7,ABL2,PDLIM4,LAMB3,SPRR2G,CYP2E1,SLC34A2,NKX2-2,TMEM40,LIMS1,ZNF729
EIF1,TRAF3IP3,PIM2,RPL13,RPS27,CCND2,LINC00511,CORO1A,PIGR,ASPH,CCNL1,IFNG,PTPRF,SLC6A4,H2AFV,EPCAM,PIK3CG,RARRES2,ABCB9,DEDD2,CTSH,MGAT4B,C2CD4B,CSTB,A2M,KIF14,C2,AP1S2,GJA1,GRN,CLEC4E,MFGE8,CCL28,CCL15,CDH13,SRPK3,IL5,TGFB1I1,FCGR2A,TXK,TUBA1B,GFPT2,DGAT1,COL6A3,IDO2,EREG,SERPINE2,LDB2,KCNB2,STXBP5L,TIMP1,CRIP1,STEAP1,GLUL,LGALS1,CLEC4G,ITGA2,MEDAG,NOTUM,CERS3,KCNJ6,IL20RB,GNAZ,KIF1A
RPS3A,CD4,TMED2,RPS15,GAPT,RAB25,ACE,ATP8B4,MRPL41,GFPT1,PMAIP1,HLA-A,NEDD4L,SLC10A2,HNRNPA1,AGPAT2,MARCKSL1,PPP1R14A,STT3A,CDKN1A,LSP1,CRYL1,TPD52L1,TNNT1,S1PR1,CDCA2,ADM,CHL1,CDH11,HLA-DMA,PNRC1,MAP3K7CL,PLS1,VSIG2,PGF,TM4SF5,GMPR,SMTN,FPR3,MPG,KIFC1,RPS26,PIGR,COL8A1,LSP1,FOLR3,GFPT2,CRIP2,DIRAS3,KCNB2,VCAN,FAM81B,TNFRSF12A,LRRC25,OLFML3,CR1L,PSORS1C2,OGN,CCL23,TMEM40,VWA5B2,GPR87,OAZ1,GUK1
PARP8,LDHB,KDELR2,RPL39,ADAM28,GINS2,NEAT1,GAPDH,BSG,NPDC1,RHOV,CRTAM,B3GALT5,MAF,TCEA1,MUC12,HTR3C,PCDH18,CCND2,PCK1,CD33,CYBRD1,LMCD1,GPRC5A,SLCO2A1,KIF2C,CXCL10,NLGN4X,COL5A1,TGFBI,LILRB2,KCNE4,PRSS8,CEACAM6,CHST1,PROX1,FCER1G,AOC3,NPL,KLRF2,NCAPG,CCL15,CPS1,PODN,GP2,PLBD1,PROCR,CCL14,CRYBA2,DNAJC12,MXRA8,MUC16,FAP,RGL1,OSR1,CHN1,KRT19,TM4SF1,MUC5AC,BNIPL,TTR,IRX5,SH3BGRL3,KRTAP17-1
STAT4,SIT1,DNAJB11,RPS11,TCL1A,NDUFAB1,HOOK2,COTL1,COX7B,CANT1,PPP1R15A,MAPK1,CD2AP,FABP6,AFF2,PPDPF,SOX9,PROS1,HIST1H4B,AHSA1,ITGB2,AGR3,NR2F2,AGR2,KDR,BUB1,RRAD,SERPINA5,ARHGAP28,PLD3,CCRL2,CHN1,S100P,GPA33,NRP1,MST1,CADPS,MYOCD,TNFSF13,SIGLEC7,CDCA2,TMC5,HSD17B2,CPQ,IFI30,CYBB,SERPINF1,TUBB6,MDK,BAALC,FNDC1,C19orf33,C8A,PDK4,ARC,TMEM178B,GPR87,CFI,PART1,CAPNS2,BEX1,IL36RN,KIF2A,FKBP8
PNRC1,ACTG1,NME2,RPLP0,RALGPS2,DBI,KLF5,SIRPG,CYCS,SH3BGRL3,ODC1,PARP8,BAIAP2L1,SLC1A1,H3F3A,BSG,AFAP1L2,CLMP,HSPA5,TCP1,RGS10,DNASE1,CYP1B1,IFI27,CAV2,TTK,VASN,TUBA1A,PROCR,CMKLR1,TYROBP,TPPP3,DMBT1,PRR15L,SPRY4,RAB26,RASGRP4,SGCA,MSR1,NFKBIA,KIF15,CYB5A,CTSE,RERG,UBD,ITGB2,HSD11B1,IGF2,MYBPHL,KCNJ3,MXRA5,SEZ6L2,CXCL3,RNASET2,FGF7,TNFRSF9,KRT5,PTPRQ,RAMP1,EPHX3,TMEM86B,SERPINB13,ROPN1L,MAP2K3
FYN,SH2D1A,TXNDC11,RPL7A,HLA-DMB,COX5A,MYH14,RUNX3,UQCRC1,GALNT3,DDIT3,CORO1A,RAB27B,CIDEB,NCF1,GPA33,HIP1R,CFD,RPN1,NEU1,TYROBP,CHP2,IGFBP7,C19orf33,LDB2,NCAPG,HTRA3,TPPP3,F2R,ITM2B,CD44,LINGO1,HHLA2,VIPR1,BCL6B,CTNNA2,RAB27B,SYNM,NUPR1,TOX2,ATAD2,UQCRQ,TRPV6,SERPING1,SAMSN1,TSPO,PLAC9,LAYN,SSTR5,CELF3,TNFRSF12A,AHNAK2,MT2A,EBI3,ERRFI1,LTBP1,RHCG,SERPINB10,BPIFB4,S100P,C11orf87,SALL3,IFITM2,TESC
ID2,PTPRCAP,SSR2,RPL9,RPL18,TXN,MYO1E,NMUR1,SRI,KDELR2,CYP3A5,LYAR,KCNK1,SLC23A1,BACH2,CFDP1,ALOX12B,MAPK10,HIST1H1D,PNP,GRN,DDT,CFI,SEMG1,MYCT1,CKAP2L,SERTAD1,FEZ1,TSHZ2,CTSC,SERPINB2,TIMP1,CEACAM7,LUZP2,PLXND1,SPTBN2,CTTNBP2,WFDC1,TYMP,TNFRSF4,HIST1H4E,C4BPA,ADIRF,MMP2,CAMK1G,LILRA1,GPC3,SYNM,NKX2-2,GUCY2C,CTSK,SCD,SAA1,LST1,CDH11,PAPPA,FEZF2,WFDC6,FAM3B,GPR87,RFX6,DUOXA1,CR1L,KRT1
CD48,PKM,GMPPB,NOX1,KLF2,RPL8,SLC20A1,LCP2,HIGD1A,GALNT12,FGFBP1,MYO1F,MXD1,DHDH,POU2F2,HPGD,ST18,FILIP1L,FCRL5,CKS2,SAMHD1,PSME2,EVA1C,PKM,CLDN5,SMC4,SPON2,PHLDA3,PALLD,RNASE6,NFKBIZ,ADAMTS12,LAMA3,DMBT1,GABRD,IGFALS,GALC,JPH2,LIPA,H2AFY,ESCO2,RASD1,SLC4A7,EFEMP2,HLA-DRA,NLRP3,MFGE8,CNTNAP3B,SLC26A7,CNIH2,CST4,UNC93B1,PRR16,FTL,AEBP1,RAMP1,SERPINB5,RARRES2,CGREF1,IRX5,GABRA1,CARD18,SLC24A3,BNIP3L
ARL4C,GIMAP7,IFNAR2,RPS20,SWAP70,GGCT,TFCP2L1,LCP1,NXPE4,FMOD,EGR2,FYN,FFAR4,PLB1,DUT,CTSA,KLHDC7A,CALD1,HYOU1,HSPA5,TNFAIP8L2,ARHGDIG,TEK,TNFRSF12A,CXCL12,KIF11,UBD,CADM4,APLP2,MERTK,ACSL1,TBX2,GPA33,RHOV,CCDC85B,LINC00261,BACE2,SPARCL1,LPL,DUSP1,ASF1B,DPEP1,TM4SF5,THY1,NUB1,GLT1D1,PID1,RBP1,RIIAD1,CRISP2,GJB2,COX6B2,RARRES2,CPVL,PTGDS,MATN2,MUC1,KLK8,HAO1,ATP6V0A4,PPP1R1A,HS3ST6,LINC00211,ARC
CD2,SKAP1,ISG20,NUPR1,HLA-DMA,SUCLG1,FN3K,OSTF1,HINT1,KDELR3,IFRD1,HLA-B,GSN,CYBRD1,AC026904.1,PPP1R14D,CHAT,CHL1,SEC13,DUSP5,TIFAB,COX6C,ERG,SH3BGRL3,THBD,PRR11,DYRK3,NCAM1,KREMEN1,MARCO,IL23A,ARHGEF17,MYH14,LGALS3,RGS3,SLC28A3,IL13,C1QTNF1,PRDX1,IL7R,CLSPN,CRISPLD2,APOC2,PRELP,ARHGAP22,TLR2,SVEP1,RADIL,INSL5,MS4A8,FKBP10,EMX1,FAM20C,RAB3IL1,TBX5,GP1BA,APOL1,RAET1E,CTSE,EPS8L1,RASD1,RPRM,CMTM2,ADAMTS19
IL2,GBP2,SLAMF7,RPL29,RPS5,RPS8,BAIAP2L2,UBASH3B,TSPAN8,SLC50A1,SERTAD1,CHST12,NXPE2,CYP2J2,POLD4,SMPDL3A,GRK5,NR2F1,SLC7A5,TUBA1A,HLA-DQB2,FUOM,BCAM,AGPAT2,RAMP3,KIF20A,JUN,GPR155,FOXL1,HLA-DPA1,IL20,EHD2,ABCA12,TMEM176A,SPRY1,CACNA2D2,KCNH2,NTRK3,TYROBP,BST2,HIST1H2BJ,C7,GATM,ITGBL1,CRIP1,PRAM1,ABI3BP,SPTBN1,AVPR1B,PROM1,GREM1,KRT19,FST,SLC7A7,COPZ2,MFGE8,UNC5B-AS1,VTN,DCHS2,AQP3,GFRA3,LY6G6C,GMPR,OR2S2
PABPC1,CLEC2D,MEI1,RPL5,TNFRSF13B,GPR160,SATB2,SH2D2A,SERF2,RNASE1,TUBB4B,AKNA,GALNT7,AADAC,MND1,KRT8,TRHDE,VCAM1,MAN1A1,DDIT3,CD86,TMIGD1,CRIP2,ENO1,HYAL2,ARHGAP11A,BDKRB1,SLC35F1,DHRS7C,FCGR3A,GK,SOD3,PLAC8,SCIN,ESAM,DNAJC12,CD33,PPP1R12B,OSCAR,ARHGAP10,TK1,SLC13A2,APOC3,LRRC17,CCL19,SAP30,OLFML3,WFS1,GAD2,GCLM,EFEMP2,LDLRAD1,ANGPTL2,TBXAS1,GEM,CDC42EP4,LYPD2,C1R,MUC1,HOPX,DIRAS2,PI3,PTCRA,MXI1
RPL17,CD52,TMED10,RPL32,LYN,SERBP1,ITGA6,ARPC2,TXN,SLC12A8,SQSTM1,TXK,CEACAM6,ABCG2,SMARCB1,MALL,ANXA4,CLEC11A,COBLL1,DDIT4,CD1B,CPS1,PALMD,C4BPB,THSD7A,KIFC1,TNFRSF12A,CADM3,TMEM176B,RNF130,AIF1,LGALS1,B4GALT1,KRT19,NRP2,DACT1,P2RX1,MRGPRF,ATOX1,KIAA0087,INCENP,NDUFB8,CIDEC,ANGPTL2,HLA-DPB1,TYMP,SERPINA3,EGFL7,RIMBP2,TRPC7,STRA6,ZIC5,TWIST1,SIGLEC10,PDPN,MARCKS,SLPI,DSC3,TMPRSS3,LYPD3,SLC12A5,ELF5,MTPN,TUBB2B
RPS3,TMSB4X,AC104699.1,GDF15,LAT2,TMEM106C,EPS8L2,CD99,CYSTM1,RAB15,KLF5,KIR2DL1,CTSE,ATP1A1,CD79A,MYL6,ARHGEF38,FNDC1,RRBP1,BRD2,RGS18,DHRS7,ITM2B,CALML4,NPDC1,KIF4A,GBP1,ANGPTL7,SCUBE1,HLA-DMB,PPIF,AVPR1A,GBP3,GUCY2C,GRB10,FIBCD1,TCTEX1D1,LDB3,PLD3,IL22,C21orf58,ADIRF,CIDEB,RNASE4,SYNGR2,OSCAR,HTRA3,PLSCR4,CPLX2,CDK5R2,SERPINH1,CDA,RAX,FRMD4A,MEST,LAP3,S100A16,HSD17B6,CLDN10,SBSN,ACTG1,TRIM29,BEND2,SPTA1
TAGAP,MAGEH1,RPL10,B3GNT7,RPL37,RGMB,FRYL,LAYN,NDUFA1,KDELR1,LAMC2,XCL2,SHROOM3,SLC17A8,CD19,TMPRSS2,CORO2B,TMEM176A,CHAC1,TNFSF9,PPT1,SLC5A1,LY6E,LDHA,FAM110D,RACGAP1,BHLHE40,FIBIN,CPED1,RGL1,NFKBID,LPL,S100A6,ST3GAL4,GJA1,SHC2,LIF,LINC00702,CD63,KLRB1,HIST1H3I,HSPB6,FBP1,ADH1B,DUSP4,CD163,HTRA1,TAL1,VGF,KCNK3,IGFL2,LCN2,IGFBP4,SIGLEC9,LMCD1,IL4I1,DSG3,FAM153B,CAPN6,KRT5,SLC22A10,RAET1L,MTRNR2L8,HBQ1
GPR65,B2M,ALG5,RPS12,HLA-DPB1,FERMT1,HSD11B2,ITGB7,UGT2B17,KRT18,ARL5B,LYST,S100A6,MYO1A,LINC00877,GCNT3,CCDC14,IL6ST,CKAP4,MYADM,P2RY6,DHDH,CLEC1A,FGFBP1,NES,SAPCD2,SERPINH1,PMP2,TGFBI,CTSS,MS4A7,SEMA5B,CLIC5,TDP2,RGCC,SYP,LMO4,GREM2,CYP27A1,NCOA7,DHFR,APOC2,CYP3A5,OSR2,ID2,ACSL1,AKR1C1,TGM2,C1orf127,GALNT13,TNC,S100A4,LGALS1,CTSS,BDKRB1,CHST4,C4BPB,RARRES1,PAH,CST6,RIMBP2,KRT6B,ANO6,ZPLD1
ELF1,GIMAP4,HM13,RPL27,LYL1,RPS24,TRPM4,PPP1R18,SULT1B1,UGT2B7,GADD45A,ARL4C,FAM3D,C1orf115,SUSD3,IL32,PLCG2,COL3A1,GAS6,CSRNP1,HLA-DOA,KRT8,HHEX,ZG16B,SHE,PSRC1,GADD45B,GAS7,SEMA3A,FCGR1A,PILRA,RASL12,EFNA2,C10orf99,ARHGEF15,TESC,ARHGEF6,MRVI1,SLAMF9,ATP8B4,SPC25,MT1HL1,PPP1R16A,COL6A2,CTSH,CLEC4D,ZNF385A,ADAMTS9,PAM,MNX1,PODNL1,BMP7,SPHK1,OTOA,EMILIN1,C16orf89,DUOXA2,OSR1,SERPINA3,CYP4B1,SERPINA10,PKP1,STXBP2,C22orf42
RPL36A,PTPN7,OSTC,RPL18,BTK,NACA,SCNN1G,ENTPD1,GPT,C9orf152,KLF3,SPON2,STARD10,AOC1,PPIA,VAMP8,FURIN,CRYBG3,CANX,DOK2,LY86,GSTM4,ADM5,SLPI,BTNL9,HIST1H4C,HAPLN3,RXRG,MXRA5,HLA-DRA,TIMP1,FAM13C,SECTM1,MT1E,LAMA4,TNFRSF11B,PIK3R6,SUSD5,ATP6V0C,PRR5,NCAPH,LINC00867,MTTP,CD63,FAM49A,GCA,SLIT3,SMAD1,LCN15,ADH6,ANGPTL2,LGR6,CYP24A1,BLVRB,EFEMP2,GNAL,S100A11,GFPT2,FOXQ1,CSTA,HEPACAM2,PERP,OLAH,BPGM
NR4A2,EVL,RPN2,HOXB13,CLEC17A,YBX1,CDHR5,AOAH,ANXA2,P4HB,TUFT1,LINC00861,TUBB2A,IL32,LAT2,CLTB,MAP7,PTGDS,SEC61A1,IRF1,IL22RA2,SLC23A1,SOX18,CALB1,ARHGAP29,DTYMK,PPP1R15A,CAB39L,PRR16,CD302,CXCL5,MAP1B,SLC44A4,CEACAM5,ITGA5,PRKAR1A,SRGN,SLC7A2,RAB42,BHLHE40,TOP2A,FAM3B,PCK1,CTSK,HLA-DQA1,MEFV,LEPR,PDE2A,PAPPA2,PAX4,GPX8,FERMT1,EVA1A,DSCAM,EMP1,SOX8,S100A6,FLRT3,UNC5A,PPL,ACTL6B,PNLIPRP3,HIST1H2AC,FAM215A
RPS20,ZAP70,SRPRB,RPL34,RPL32,DDT,ACY1,PRKCH,FAM3D,MBOAT2,EGR3,LITAF,GFPT1,DNASE1,METAP2,C2orf88,CSMD1,MXRA5,UBALD2,TRA2B,ARPC1B,HSD3B1,MYCT1,CYSTM1,SPARCL1,KIF20B,TNFAIP2,TMEM176B,LAMC1,LIPA,ATP13A3,IL17B,BMP2,PPDPF,EXOC3L2,IL22RA1,RGS2,NOTCH3,ATP6V0D2,ABHD15,MYBL2,SMIM22,GIMD1,BOC,GRSF1,FCGR3A,NID1,CLEC4M,SYT4,FATE1,PRRX1,PMEPA1,GLIS3,HCAR3,CNN1,SRGN,IL36RN,KRT5,CA9,PAX1,SPTSSB,SIX2,S100A12,SLC2A4
RPL10,PBXIP1,ANKRD28,RPS23,COL19A1,RPL12,BEST4,CD101,PXMP2,KCNMA1,TOB1,CD300A,FFAR2,NAT8,PAX5,C11orf86,GFI1B,PITX1,FBXW7,ZFP36L1,ZNF385A,MGAM,MYRIP,MYL12B,SYNPO,KNSTRN,TYMP,SNCA,FBN2,MAF,KDM6B,PPP1R14A,PLEC,TMEM176B,ANGPTL2,NOXO1,PNMT,MFGE8,FABP3,TNFAIP3,HIST1H2BN,NDUFA7,ACSL5,ISLR,CFP,NAMPT,DBN1,HOXD8,KIF1A,VGF,ADAMTS2,MSLN,STC2,CFP,SLC12A8,ITIH5,MMP7,PTGIS,ONECUT2,GSDMC,LY6H,LYPD3,PLXNB3,TENM2
CD96,LEF1,POU2AF1,ASCL2,CD40,TKT,NR1I2,ZNF683,AKR1C3,AGR3,B3GNT5,PIP4K2A,TM4SF5,NAALADL1,CFL1,CYSTM1,KMT2C,VCAN,VCP,IFRD1,GPR31,KRT20,IFITM3,TESC,HSPA12B,RRM2,NAMPT,SHC4,CYS1,MFSD1,TNFAIP6,CYGB,BIRC3,CYSTM1,S100A3,MAP6D1,NDST2,MAP1B,ITGB2,TYROBP,HMGB1,OLFM4,MYO1A,TNXB,KDM2B,LILRA6,SRPX2,SLC24A1,CCNA1,RIMS2,CLEC11A,TMEM151A,CLMP,CXCL12,LUM,S1PR3,SRD5A3,NNMT,SPDEF,LY6K,CELF3,AKR1B15,ARHGAP6,FNDC9
ITK,DUSP4,CHPF,RPL35A,SNX2,SNRPF,SHROOM1,KLRC1,UQCRH,CA8,FOSL1,HOPX,RAP1GAP,MS4A8,NLRP4,CDKN2B-AS1,TLE4,LINC01140,ALYREF,GADD45G,SCIMP,LGALS4,LMO2,MAL2,CD93,NDC80,LAP3,ANK3,TSLP,CREG1,TNIP3,NID2,DST,UNC5C,GPR4,GNG4,SMYD3,RBPMS,IFI6,NCR3,HIST1H4L,SLC19A2,KHK,CFH,PDCD1LG2,TKT,C1S,ACKR3,TMEM196,C6orf141,IGFL3,TCN1,COL8A1,CTSB,NGF,EPHX2,GJB4,ARMC4,SERPINA1,TMPRSS13,HSPA8,SPRR3,SELP,FAM153A
CD3E,SLA,DNAJC1,UQCRH,RPL39,MPC2,TMC5,SCML4,AKR1B10,NANS,RHPN2,MCTP2,ZG16B,SLC2A2,OAZ1,ITM2C,BCAM,PTCH1,TAF10,KLF2,RNASET2,UQCRQ,NUAK1,LGALS3,SOX7,SPC25,CD63,FOXD3,CPM,CTSD,C15orf48,IL34,S100A11,CALML4,ADAMTS7,KIAA1324,RAB44,LTBP1,GSTO1,IL2RB,FAM111B,APOD,UGT2A3,SFRP4,BLVRA,VSTM1,FBLN5,ROBO4,KCNK17,EGR3,CALU,KRT17,PRRX2,SIGLEC11,VIM,VRTN,ANXA1,NKX2-8,AK4,ASPG,TMEM132C,GJB5,KIFC3,AGBL5
PIK3R1,FXYD5,LY96,RPS7,HLA-DOA,RPS3,PLEKHA7,P2RY11,ITM2C,RAB26,JUNB,PLEK,DHRS9,C8G,IRF8,ACAA2,PRSS22,TMEM150C,RPN2,CCT4,PYCARD,COX7C,IL3RA,ISG15,ECSCR,CKAP2,PROCR,SERPINA3,SCUBE2,TREM2,IL6,OAZ2,PTPRR,S100A6,EMCN,RGMB,CD63,SORBS1,NPC2,RBPJ,MCM7,C1QTNF1,AGPAT2,RARRES2,CD74,PGD,VAT1,ARL4A,GPBAR1,SLC16A12,PDLIM7,GPRC5A,LAMC3,CPM,SGK1,PWRN1,CST6,TMEM151A,IFI6,LOR,ASPDH,SIX1,PTGS1,GSPT1
RPL13,EEF1A1,ITM2C,RPL11,CR1,IMPDH2,PDE3A,PLEKHF1,MYL6,PYCR1,RAP2B,MLC1,DNAJC10,ENPP7,ARPC3,PRR15,HOXA3,SOD3,SEC24A,RRAD,NPC2,GLRX,IL1R1,PCSK9,GPRC5B,ECT2,MAFF,SLC22A17,COL6A3,ITGAM,HLA-DRA,FILIP1L,EPS8,PROX1,RAMP2,CCL26,FCER1A,ITIH3,CD14,SOST,DIAPH3,THBS1,TM4SF20,RGMA,LY75,MARCO,RGS22,TPM4,AMBP,FFAR2,GRP,FEZF1,FAM20A,CD4,FOSL1,NPHS1,PKP1,GALNT9,HPN,C6orf15,PCLO,ADAM23,NR5A1,FEV
RPS13,CNN2,HLA-C,HNRNPA1,SMIM14,KCNE3,CGN,NCR1,TXNDC17,CAMK2N1,ID1,LCP1,QSOX1,TM4SF5,BIK,LGALS3,HMX3,PCDH19,P4HB,NFKBIZ,AOAH,AKR1A1,CORT,REG4,BCAM,HJURP,PKIG,COL21A1,PRKG1,NPL,NFKB1,CCDC3,EGLN3,ID1,STC2,SYNPR,GRAP2,SPEG,CTSS,TIPARP,CDT1,ATOH1,CDHR2,ABI3BP,GPR137B,SH3BGRL3,LARP6,EFNA5,IAPP,CBLN4,PDPN,AC005256.1,GPR176,SUCNR1,MRC2,GABBR2,SAA4,ADAMTS3,LTF,SNCG,FGF14,FAT2,AC098617.1,TAGLN3
SPOCK2,CD247,OST4,RPL14,HLA-DRB5,HNRNPAB,FAM83E,NR4A2,NDUFB10,ERGIC1,MIR22HG,ARHGAP9,SLC44A4,SLC7A7,STAG3,SULT1A2,KLK11,BMP5,HIST1H2BK,SRSF7,ARPC3,ANXA4,ICAM1,ETV4,IGFBP4,HMGB3,HAS2,RCAN1,LAMC3,SLAMF8,LILRA5,PTGIR,DEFB4A,AOC1,CCND1,GOLGA8A,TAL1,CCDC3,PKM,SEC11A,PRC1,FMO2,HEBP1,ASPN,LAD1,HRH2,FGF7,ART4,CXXC4,ADCY1,CALD1,MIF,BGN,FMNL2,ENAH,SYNM,SPRR3,FRMD6-AS2,VSIG1,GRHL1,ONECUT2,CERS3,TUBA8,GATA1
CAMK4,RGS10,SEC62,RPS3A,EEF1A1,CDX1,HKDC1,KLRC4,CD9,L1TD1,AVPI1,LY6E,LGALS9B,KHK,CD40,HHLA2,HAP1,HAS2,SND1,ODC1,PHACTR1,SUCLG1,SMAD1,CLIC1,TEK,KIF15,LUM,COMT,FOXF2,TNFSF13,PFKFB3,TGFB1I1,PARM1,CNTFR,NES,LRRN1,ITGA2B,CSDC2,ANXA2,EFCAB8,FANCI,GABARAP,UGT1A1,CLDN11,NRP2,FCAR,LTBP4,MTUS1,PAX4,GRIA4,ITGA11,IFI6,PTGFR,CD163L1,HAS1,STRA6,DHRS9,KRT7,P4HB,PLEKHG4B,TUBB2B,CYP4X1,OST4,FAM178B
ETS1,TBC1D10C,ERGIC3,RPL37,CNR2,RPL5,ENGASE,CAPG,CKMT1B,TTC39A,TUBB2A,MATK,MUC4,SMLR1,OGG1,PRSS3,TREH,EPHA7,AHNAK,GEM,TMSB10,FCGRT,PCDH17,TM4SF1,IL3RA,ANLN,HLA-B,OLFML2A,IL1R1,ACP5,CEBPB,SERPINI1,HPGD,RHCG,RAB13,NKX2-5,CD44,MYOZ1,LGALS1,FGF20,NEIL3,H1F0,SAT2,GPC3,CD1B,IRAK3,PCDHGC3,MYH10,MARCH4,RUNDC3A,RAB31,BMP4,PKM,PPT1,PTGER3,CD82,GAL,CA9,NPDC1,HS3ST6,STXBP5L,NCCRP1,ALAS2,VPS37D
ODF2L,LCP2,CUTA,RPL6,RPL29,HSPE1,MICALL2,ARHGDIB,CFL1,CGREF1,MYADM,HAVCR2,TSPAN1,PLS1,SH2B2,PRR13,PLEKHB1,CRISPLD2,PTPN1,NR0B2,PAK1,TMEM256,FOXC1,IRX2,LRRC32,NCAPH,ID3,CDH2,DDHD1,SLC1A3,FTL,EBF1,LRP10,FAM13A,NID2,BACE2,DUSP6,CAV2,NR1H3,CASP3,HIST1H2BI,CISD3,DNASE1,CTSF,CFLAR,SIGLEC9,PAMR1,MSMP,BTBD17,CACNA1A,RARRES2,LRRTM1,RGS3,CD300A,MEG3,HMGN3,ADH7,CDON,KCNN4,S100A9,KCNH2,LY6D,TRAPPC3L,NYAP1
RPL35A,SLAMF1,BSCL2,IMPDH2,PARP15,MAOA,GDA,LAT2,SPINK5,CHRNA5,TSC22D1,CD8B,ABHD2,ADIRF,DCK,S100A10,MTSS1,NEGR1,FNDC3A,CD83,SIGLEC10,PDZK1,RASSF9,CDKN2A,TGFBR2,ZWINT,KLF10,SBSPON,IGFBP3,CD4,IL10,ECM2,LAMC2,HSD17B11,MSN,PTP4A3,CSF1,ACTN1,HS3ST2,IL2RG,CENPM,CLYBL-AS2,GDA,SOD3,CCNA1,ASGR1,CHRDL1,LRRC70,CDKN1C,NFASC,C1QTNF3,EPS8L1,LINC00922,TKT,TWIST1,LRTM1,CXCL10,FRAS1,FXYD4,SPNS2,PDE8B,ATP6V0A4,GNG8,ST8SIA5
CSRNP1,MAF,SRM,RPL19,EEF1B2,KLF5,CA12,CLIC3,CSTB,NEURL1,BMP2,LPCAT1,LIPH,CES2,WDR66,SCNN1B,PBXIP1,NKX2-3,MIR155HG,TUBB4B,CSTA,DEGS2,LEPR,PRDX1,LIMS2,UBE2T,HES1,NDRG2,COL3A1,NRP1,CTSL,CAV1,ITGA2,CDX1,SELE,GPX2,ARHGAP18,ITGA7,CXCL16,IL1R1,CENPU,GPC3,P4HB,MYOC,C17orf49,CLEC7A,COL12A1,CYB5R3,TNNC1,PCSK2,FSTL1,PLXNB2,RAB31,ARL4C,FLNC,CLMP,CLTB,PTGDS,CXCL3,SLC6A14,SYT4,PAX1,PGLYRP1,BTBD17
SRSF7,LBH,MIF,COX4I1,HLA-DQA2,RPS21,SH3RF2,RGL4,ECHS1,KLK12,EFNB2,TYROBP,ERN2,SULT2A1,EAF2,HIST1H1C,LUC7L3,PLTP,VOPP1,H2AFX,GABARAP,DDC,NCOA7,CDA,CD59,FOXM1,TMEM158,RASSF4,LOXL2,TTYH3,NR4A2,SMOC2,BAIAP2L1,METTL21A,SHROOM4,TMEM61,RGS13,HSD17B6,TREM1,TEX30,CDCA8,AKAP12,CYB5A,LAPTM4A,RAB9A,GABARAP,AEBP1,CD59,TM4SF5,CALY,COL6A1,MMP13,ASPHD1,DAPK1,MYC,NGFR,KLK11,SERPINB2,AMBP,PRSS22,SMIM6,BEST3,ZC3HAV1L,SCT
RPL21,ITGB2,DNAJC3,RPS8,LIMD2,PKDCC,PTPRK,ASB2,MPC2,SERPINA1,DUSP1,TGFB1,SLC2A13,GPD1,ARHGDIB,S100A6,CGNL1,MUSK,SYVN1,KLF6,SNX3,GPD1,LDB2,PPIA,GPR146,NUCKS1,ATF3,SGCE,FKBP10,CCR1,LITAF,OLFML2A,PMEPA1,LINC00867,RAPGEF4,BPIFB2,VIM,HHIP,AGRP,LDLRAD4,DEK,RHOB,TM6SF2,FBLN2,MARCKS,JDP2,GPNMB,MYCT1,NSG2,NPY1R,PCOLCE,IGFL4,ORM1,SLC1A3,RARRES1,VIM,LINC00160,RAET1G,CXCL2,IRX3,RTBDN,CHRNG,PGRMC1,PMFBP1
PPP2R5C,PPP1R18,DDOST,RPL4,RPS25,REG1B,RNF43,CDIP1,PDE4C,RAB27A,ZC3H12A,FASLG,ATOH1,FBP1,LCP1,POLD4,ADH6,COLEC11,SRRM2,RASD1,ITGAX,GOLT1A,ZNF521,PI3,LIMCH1,SMC2,PRRX2,MAB21L1,MFGE8,KCTD12,CLEC7A,TINAGL1,TRIM40,DSC2,FSCN1,RHBDL1,ATP6V0A2,NDUFA4,CREG1,NFKB1,CKAP2L,SPSB1,SULT4A1,C3,VMO1,LRRK2,CTSK,CALCRL,KCNH7,IGFBP3,SPHK1,S100A6,RAB13,BRI3,ZFHX4,FGF11,TNS4,RSPO1,PLA2G3,UPK2,TRPC4,RHCG,SNN,ACTC1
PPP1R15A,TCF7,RPLP1,COX5A,RPS13,CA9,ALS2CL,SKAP1,RAB25,HSD11B2,CDKN1A,CCND3,CTNND1,SI,ACTR3,ABCG2,PLCB2,COL6A5,MAPKAPK2,ID3,CIITA,DGAT1,CD59,FEZF1,EFNB2,MXD3,VCAM1,PLEKHB1,RBPMS,CD74,CLEC5A,LZTS1,TCN1,HIGD1A,CDK2AP1,ITGA7,CTNNBL1,DBNDD2,SLC16A3,NCR1,LMNB1,LEAP2,SLC25A37,NFIA,RELB,FCGR1B,CD34,REEP1,C8A,MARCH4,MRC2,CLIC3,HGF,CEBPD,ADAMTS2,ITGAM,ZNF185,BRINP2,GC,PKP1,PCSK1,TGM1,CLEC4D,OSBP2
RPL11,BCL11B,TPST2,MIF,LTB,SET,TBC1D8,SASH3,PRDX6,ARF4,HSPA5,CLDND1,CD164,LPGAT1,SLBP,LAMA1,CHN2,LOXL1,CFLAR,NKRF,SERPINF2,SMLR1,PKP4,CYP51A1,VAMP5,DEPDC1B,CCL19,GFRA2,TCF4,TLR4,RILPL2,TDO2,PLIN3,STAP2,NDST1,ZFPM1,LPCAT2,HSPB8,DNASE2,KRT83,GTSE1,RPL41,SLC34A2,PPIC,ATOX1,FCGR2A,RSPO3,NR2F2,CNIH2,CISD1,CALB2,ACTBL2,STEAP2,MERTK,CAV1,CCL19,KRT1,DAW1,FUT1,FAM83A,MSLN,DHCR24,CXCL5,JAZF1
FKBP5,PGAM1,CNPY2,FERMT1,RASGRP2,MRPL11,FAM160A1,GPR15,PYCARD,DNAJC12,KRT8,PTPRC,GALNT3,CIDEC,TK1,ATP1B3,CHDH,EFEMP2,BTG2,HIST1H2BJ,PPA1,PHGR1,EPAS1,CLDN1,MCTP1,OIP5,DLL1,ASPA,WNT5B,LILRB4,FPR2,ITGB1,EMP1,PHLDA2,RHOJ,KCNH6,LEO1,KANK2,PILRA,SLA,POLQ,CDKN2B-AS1,C19orf33,OLFML1,IL27,AGTRAP,SEMA3E,VWA3A,AC005256.1,C1orf127,LOXL1,IL20RB,COL6A3,RAB32,THY1,GPHA2,AHNAK2,NTNG1,TMED3,SPRR2G,CDKN1C,DSC3,ACTB,HEMGN
EVL,GIMAP5,SEC61G,RPL22,RPL26,PAICS,NR5A2,PTPN6,NDUFB7,CD63,LIPH,PIK3R1,SPNS2,SECTM1,LAPTM5,CA2,DPYSL3,LAMB1,EDEM1,HIST2H2AA4,CD300A,MYL12B,RASIP1,SERPINB1,JAG2,TYMS,CARD16,ANK2,FILIP1L,SPI1,MIR155HG,SERPINH1,NEAT1,CARD16,ACVRL1,SMAD9,LGALS12,NRIP2,HEXB,SNCB,RAD51AP1,CYP51A1,TTC36,PID1,ITIH1,PSAP,LRP1,KBTBD11,SLC29A4,SCG3,MFGE8,KLK10,MMP13,ITM2B,IGFBP4,FCER2,S100A2,SLC7A2,BACE2,ABCA12,CHRNA2,GABRP,TMEM91,RBM38
NFKBIZ,SH3BGRL3,CCPG1,RPS15A,RPS27A,PDHA1,MIA2,ALOX5AP,CDX1,PCBD1,ID3,MYL12A,TCF7L2,CYB5A,SWAP70,TMEM45B,NRG2,COL14A1,MT-ND6,PLK2,CTSS,COX7B,ADAM15,PSMA7,ADAM15,GPSM2,RDH10,VIM,S100A13,PDK4,TNFAIP3,SGIP1,MALL,AGR3,ADAMTS9,ESRRG,SLC8A3,COX7A1,GPX4,FXYD7,MCM4,SPINK1,CCL25,S100A13,SLC6A12,LYZ,ELN,STON2,KCNK3,CPE,TAGLN,CLDN1,PTGS2,CCDC151,IL1R1,LGI2,S100A10,RGS22,CYP26A1,SPTBN2,MS4A8,CYP4Z1,MYH9,PCYT1B
EEF1G,GPSM3,PDK1,RPL10,CIITA,PHB2,SPG7,GPR65,PKIB,SMIM22,BCL10,ARPC5L,MLLT3,GCHFR,CD37,TSTD1,ABHD2,GPX3,OGT,TSPYL2,MYCL,SLC5A12,CLIC2,C12orf75,TIMP3,BUB1B,EIF4A1,NKAIN3,BMP2,CCL24,CD86,HEY2,ADAM9,CEACAM1,CRIP2,SERPINA7,CD82,CAV1,PPT1,DCAF11,ASPM,ROMO1,ABCC2,HSD11B1,HLA-DQB2,TMEM170B,SH3PXD2B,LRCOL1,SMIM6,RFX3,LTBP1,DKK1,THBS2,ITGA9,PIEZO2,STAR,GBP1,MUC16,GLYATL2,RNASE7,BAMBI,IRX3,EHD3,CDKN1C
TTC39C,CXCR6,TMEM208,PTPRO,HLA-DPA1,CYC1,RAPGEFL1,GZMM,GAPDH,UQCR10,TNFRSF12A,ZAP70,EPCAM,CYP2C9,DCAF12,ST14,EIF1B,S100A13,CLIC4,SNAI1,IFNGR1,SLC25A3,RAB3C,SEC61G,ADCY4,FAM83D,LGALS1,SHISA9,NKX2-3,ASAH1,TLR2,COX7A1,TAPBP,LSR,ITGB1,PAX4,TESPA1,SOSTDC1,ALOX5AP,PTGER3,LIG1,REEP6,DHRS11,ECM2,MREG,SIRPB1,SEMA3C,GYPC,QPCT,KIF1A,HTRA1,ECM1,SLC16A3,SNX18,PTX3,PRUNE2,FERMT1,EFNB3,KDELR3,KLK8,MDK,EPO,STON2,UBXN6
FOS,RPSA,COPE,EPHB3,RPS28,VDAC1,SREBF1,APBB1IP,COX7C,RAB2A,RND3,GNG2,LRRC26,SLC28A1,RRM2,MYO15B,IFI6,ALDH1A3,ERN1,PMAIP1,RPS24,ATP1A1,LIMS2,CD55,LIFR,RAN,F2R,PDGFB,PTN,NAIP,LILRA1,SYDE1,ITGB4,EXD3,COL18A1,ASAH2,UTS2,TINAGL1,ATP6V0B,CYP26C1,FBXO5,CCL2,SLC39A5,SVEP1,WARS,PGLYRP1,TIMP2,GJA1,MYH1,SV2C,SRPX2,ITGA3,MMP14,MAFB,PPIC,EXOC3L4,GJB3,PDPN,PKDCC,EVA1C,NKX6-3,PGLYRP4,DNM3,SLC14A1
PTPRC,RHOG,ZBP1,RPL24,HLA-DRB1,FCGRT,VEGFA,HCLS1,NANS,ASRGL1,SLC25A25,HLA-E,PRUNE2,GDA,TYMS,FCGRT,FGFR4,CXCL6,IFNG-AS1,TAGAP,NCF2,COX4I1,PDLIM1,NME2,TIE1,H2AFV,S100A3,CHST9,SALL1,RAB31,TYMP,PRRX1,ITGA6,ATP1B1,LAMC1,FAM222A,LAT2,TSC22D1,SLC11A1,SLC16A3,FOXM1,SERPING1,MALL,ECM1,NFKB1,CLEC4A,MMP2,CNN3,EYS,CPLX2,ITGB1,DMBX1,ANTXR1,SASH1,COL12A1,GABRA5,PHLDA2,MT1E,FBP2,MYBPC1,GAD2,CRISP3,GRAP2,PRPH
STK4,RPL19,RPL3,QTRT1,RPL23A,AHCY,MAVS,CFL1,GIPC1,HDLBP,PLAUR,SELPLG,KRT20,MDK,DNMT1,UGP2,HMX2,RBPMS,GSTM2,ZC3H12A,CARD9,HSD17B2,SH3BP5,FHL2,NFIB,CDC25C,ICAM4,CTNNAL1,REEP2,LRRC25,HBEGF,FGF4,SPATS2L,PPP1R14C,TSPAN18,TMPRSS5,TUBA1A,HEYL,PLAUR,KLRC1,FEN1,PLIN2,ABCG8,C1QTNF7,CSF2RB,ARRB2,OMD,GALNT18,CDK5R2,NOL4,TPM2,CDH3,GAPDH,LILRB1,COL14A1,TAS2R8,KRT18,AOX1,CDC42EP1,LYPD6B,CPLX2,CLCA2,CD99,CCDC39
RPS19,DENND2D,REEP5,RPS27A,PTPRCAP,CDK6,MLXIPL,ZYX,SUCLG1,BMP2K,LURAP1L,KIR2DL3,ANO7,SLC6A8,DHFR,SPINT1,SERPINA11,CDH11,CDK14,NUDC,BID,SULT1A1,RAI14,CHCHD2,TINAGL1,PTMA,MCL1,PDLIM4,EFEMP2,HLA-DPB1,RNF144B,BMP8A,VNN1,EDN3,ADAMTSL2,SEC11C,ASAH1,C11orf96,SNX10,SNAP91,DUT,EDN2,SLC15A1,MRC2,PTGIR,SLC24A4,NPR1,NXN,EGR4,GCH1,NTM,C4orf48,HIF1A,PREX1,MYH10,HEPACAM,SBSN,MT2A,TMEM211,KLK10,PFN2,ALCAM,PCYOX1L,MARCH8
RPL14,ARPC2,CD38,PIGR,ORAI2,NDUFC2,HIST1H2BB,CCDC69,NDUFAB1,TMED3,OVOL1,PSTPIP1,ACSS2,C2orf88,NUGGC,TAX1BP3,RUNX1,MATN2,ANKRD33B,NFKBIA,TYMP,CLDN15,S1PR1,SAP18,TMEM204,CCNF,ID1,MGAT4C,MRVI1,TBXAS1,FAM49A,ITGA7,ST14,GOLM1,PRCP,AC159540.1,DUSP10,FILIP1,MMP14,SPN,BUB1B,COX8A,C8G,LRRN4CL,TMEM176A,PADI4,SOD3,ABLIM3,RARRES1,FGF14,PPIC,S100A13,LOXL2,CXCL16,KIF26B,SLCO2B1,ALDOA,PTGER3,VSIG2,LY6G6C,SVOP,ASPG,HIST1H2BK,OTOA
EVI2A,SELL,SPATS2,TIMM13,RPL28,PRDX5,SLC37A2,IFITM2,DDT,BEST2,AREG,GIMAP4,LGALS9C,CDKN2B-AS1,GINS2,NDRG1,KIAA1324,SGCE,RAB24,SLC2A3,FGR,HADHB,CLEC3B,TOMM5,SMAD6,TK1,TAC3,S100A1,C1QL1,AXL,SGK1,COL6A1,CGN,HSD17B2,PLCB1,NEUROG3,CLNK,PLS3,ATP6V1B2,CTSH,HELLS,NDUFB1,SLC2A2,CERCAM,POGLUT1,CD300C,TWIST2,VIM,PPP1R1A,CXXC4,NOX4,DCBLD2,TSC22D1,CCDC152,FMOD,SEC14L5,DSG1,GSTM3,GALNT6,KRT10,DDIT3,CAPNS2,LAT,GYPC
RPL31,SLC7A10,ATF4,BTF3,SCIMP,KRT18,SLC5A1,CXCR3,MS4A12,ZNF511,ANKRD37,SYTL3,LMO7,VIL1,KCNK12,SLC17A4,DKK3,ZEB2,TRIB1,RGS16,PTPRE,CPO,HAPLN3,DNAJC15,NKX2-3,NCAPD2,RGS3,SORBS2,GLT8D2,FCGR2B,CHMP1B,MYO1B,ENKUR,EFNA1,NOX4,EPHB2,RNF130,PTP4A3,TMEM114,BLVRA,EXO1,PIGR,SULT1A2,CLEC11A,GRINA,EMILIN2,CLDN11,RASIP1,PDX1,SGPL1,TPM4,SULT2B1,FGF2,AOAH,LOXL1,NOVA1,SDR9C7,CPE,KCNE3,LIPN,STK32A,EPHX3,PLA2G12A,AMER3
OXNAD1,RPL28,PNOC,EPHB2,RPL13,RANBP1,ERBB2,STK17A,CISD3,SLC39A11,SLC20A1,IL2RG,GALNT12,TMEM92,S1PR2,TRPM6,LIMD1,SAMD11,EIF2AK4,LMNA,RAB32,SLC39A5,VEGFC,PRSS22,LMO2,CENPN,S100A13,CYTL1,LGALS1,FUCA1,GBP1,CAV2,BACE2,GRN,WWTR1,FKBP2,SMIM1,CRIP2,KCNMA1,ENPP1,HNRNPAB,AC007009.1,S100A14,SEMA3E,BCL2L14,C19orf38,HSPB2,EDNRB,CHST9,KCNH6,LRRC15,ANXA9,BICC1,SPSB4,HTRA1,LINC00460,PRRX2,PHLDB2,PROM1,CLDN1,SEZ6L2,KRT7,SMAP2,LMO1
